{
  "conf_1": {
    "scores": {
      "Defender": {
        "precision": 0.9438202247191011,
        "recall": 0.9333333333333333,
        "f1-score": 0.9385474860335196,
        "support": 180.0
      },
      "Forward": {
        "precision": 0.7986577181208053,
        "recall": 0.8814814814814815,
        "f1-score": 0.8380281690140845,
        "support": 135.0
      },
      "Goalkeeper": {
        "precision": 1.0,
        "recall": 1.0,
        "f1-score": 1.0,
        "support": 35.0
      },
      "Midfielder": {
        "precision": 0.8307692307692308,
        "recall": 0.7605633802816901,
        "f1-score": 0.7941176470588235,
        "support": 142.0
      },
      "accuracy": 0.8739837398373984,
      "macro avg": {
        "precision": 0.8933117934022844,
        "recall": 0.8938445487741262,
        "f1-score": 0.8926733255266068,
        "support": 492.0
      },
      "weighted avg": {
        "precision": 0.8753570389532066,
        "recall": 0.8739837398373984,
        "f1-score": 0.8736525532221298,
        "support": 492.0
      }
    },
    "selected_columns": [
      "ball_recovery_successful",
      "pressure_on_opponent",
      "pressure_on_opponent_defending_third",
      "pressure_on_opponent_middle_third",
      "pressure_on_opponent_attacking_third",
      "counterpressing_total",
      "counterpressing_opponent_middle_third",
      "block_total",
      "block_during_counterpress",
      "clearance_total",
      "tackling_won",
      "tackling_in_defending_third"
    ],
    "n_features": 12
  },
  "conf_2": {
    "scores": {
      "Defender": {
        "precision": 0.8797814207650273,
        "recall": 0.8944444444444445,
        "f1-score": 0.8870523415977961,
        "support": 180.0
      },
      "Forward": {
        "precision": 0.816793893129771,
        "recall": 0.7925925925925926,
        "f1-score": 0.8045112781954887,
        "support": 135.0
      },
      "Goalkeeper": {
        "precision": 0.9142857142857143,
        "recall": 0.9142857142857143,
        "f1-score": 0.9142857142857143,
        "support": 35.0
      },
      "Midfielder": {
        "precision": 0.7482517482517482,
        "recall": 0.7535211267605634,
        "f1-score": 0.7508771929824561,
        "support": 142.0
      },
      "accuracy": 0.8272357723577236,
      "macro avg": {
        "precision": 0.8397781941080652,
        "recall": 0.8387109695208287,
        "f1-score": 0.8391816317653639,
        "support": 492.0
      },
      "weighted avg": {
        "precision": 0.8269910153698623,
        "recall": 0.8272357723577236,
        "f1-score": 0.8270386289583396,
        "support": 492.0
      }
    },
    "selected_columns": [
      "pressure_on_opponent_defending_third_%",
      "pressure_on_opponent_middle_third_%",
      "pressure_on_opponent_attacking_third_%",
      "counterpressing_opponent_attacking_third_%",
      "tackling_in_defending_third_%"
    ],
    "n_features": 5
  }
}