{
  "conf_1": {
    "scores": {
      "Defender": {
        "precision": 0.3938730853391685,
        "recall": 1.0,
        "f1-score": 0.565149136577708,
        "support": 180.0
      },
      "Forward": {
        "precision": 0.0,
        "recall": 0.0,
        "f1-score": 0.0,
        "support": 135.0
      },
      "Goalkeeper": {
        "precision": 1.0,
        "recall": 1.0,
        "f1-score": 1.0,
        "support": 35.0
      },
      "Midfielder": {
        "precision": 0.0,
        "recall": 0.0,
        "f1-score": 0.0,
        "support": 142.0
      },
      "accuracy": 0.4369918699186992,
      "macro avg": {
        "precision": 0.34846827133479213,
        "recall": 0.5,
        "f1-score": 0.39128728414442704,
        "support": 492.0
      },
      "weighted avg": {
        "precision": 0.2152381206525413,
        "recall": 0.4369918699186992,
        "f1-score": 0.27790009061786064,
        "support": 492.0
      }
    },
    "selected_columns": [
      "avg_distance_to_goal",
      "avg_distance_to_goal_saved_shots",
      "avg_distance_to_goal_goals_conceded"
    ],
    "n_features": 3
  },
  "conf_2": {
    "scores": {
      "Defender": {
        "precision": 0.3938730853391685,
        "recall": 1.0,
        "f1-score": 0.565149136577708,
        "support": 180.0
      },
      "Forward": {
        "precision": 0.0,
        "recall": 0.0,
        "f1-score": 0.0,
        "support": 135.0
      },
      "Goalkeeper": {
        "precision": 1.0,
        "recall": 1.0,
        "f1-score": 1.0,
        "support": 35.0
      },
      "Midfielder": {
        "precision": 0.0,
        "recall": 0.0,
        "f1-score": 0.0,
        "support": 142.0
      },
      "accuracy": 0.4369918699186992,
      "macro avg": {
        "precision": 0.34846827133479213,
        "recall": 0.5,
        "f1-score": 0.39128728414442704,
        "support": 492.0
      },
      "weighted avg": {
        "precision": 0.2152381206525413,
        "recall": 0.4369918699186992,
        "f1-score": 0.27790009061786064,
        "support": 492.0
      }
    },
    "selected_columns": [
      "shots_on_target_%"
    ],
    "n_features": 1
  }
}