{
  "conf_1": {
    "scores": {
      "Defender": {
        "precision": 0.9491525423728814,
        "recall": 0.9438202247191011,
        "f1-score": 0.9464788732394366,
        "support": 178.0
      },
      "Forward": {
        "precision": 0.7070063694267515,
        "recall": 0.9173553719008265,
        "f1-score": 0.7985611510791367,
        "support": 121.0
      },
      "Goalkeeper": {
        "precision": 1.0,
        "recall": 0.9705882352941176,
        "f1-score": 0.9850746268656716,
        "support": 34.0
      },
      "Midfielder": {
        "precision": 0.92,
        "recall": 0.7232704402515723,
        "f1-score": 0.8098591549295775,
        "support": 159.0
      },
      "accuracy": 0.8678861788617886,
      "macro avg": {
        "precision": 0.8940397279499082,
        "recall": 0.8887585680414044,
        "f1-score": 0.8849934515284555,
        "support": 492.0
      },
      "weighted avg": {
        "precision": 0.8836929334207517,
        "recall": 0.8678861788617886,
        "f1-score": 0.8686164261472173,
        "support": 492.0
      }
    },
    "selected_columns": [
      "passes_from_middle_third",
      "passes_from_defending_third",
      "passes_into_goal_area",
      "passes_within_attacking_third_completed",
      "passes_medium_total",
      "passes_long_completed",
      "passes_cross",
      "passes_vertical_into_the_box",
      "passes_progressive_completed",
      "passes_backward",
      "passes_backward_completed",
      "passes_long_vertical",
      "passes_long_vertical_from_defending_third",
      "passes_long_vertical_from_mid_third",
      "up_passes_from_middle_third",
      "up_passes_from_defending_third",
      "up_passes_into_attacking_third",
      "up_passes_short_total",
      "up_passes_progressive_completed",
      "up_passes_backward"
    ],
    "n_features": 20
  },
  "conf_2": {
    "scores": {
      "Defender": {
        "precision": 0.7819148936170213,
        "recall": 0.8258426966292135,
        "f1-score": 0.8032786885245902,
        "support": 178.0
      },
      "Forward": {
        "precision": 0.7272727272727273,
        "recall": 0.859504132231405,
        "f1-score": 0.7878787878787878,
        "support": 121.0
      },
      "Goalkeeper": {
        "precision": 0.96875,
        "recall": 0.9117647058823529,
        "f1-score": 0.9393939393939394,
        "support": 34.0
      },
      "Midfielder": {
        "precision": 0.7209302325581395,
        "recall": 0.5849056603773585,
        "f1-score": 0.6458333333333334,
        "support": 159.0
      },
      "accuracy": 0.7621951219512195,
      "macro avg": {
        "precision": 0.799716963361972,
        "recall": 0.7955042987800824,
        "f1-score": 0.7940961872826627,
        "support": 492.0
      },
      "weighted avg": {
        "precision": 0.7616793862613291,
        "recall": 0.7621951219512195,
        "f1-score": 0.7580159224189112,
        "support": 492.0
      }
    },
    "selected_columns": [
      "pass_accuracy_%",
      "up_pass_accuracy_%",
      "pass_accuracy_progressive_%",
      "pass_accuracy_backward_%",
      "up_pass_accuracy_backward_%",
      "pass_accuaracy_medium_%",
      "pass_progressive_lead_to_shot_%",
      "pass_mean_distance_%"
    ],
    "n_features": 8
  }
}