{
  "conf_1": {
    "scores": {
      "Defender": {
        "precision": 0.9560439560439561,
        "recall": 0.9666666666666667,
        "f1-score": 0.9613259668508287,
        "support": 180.0
      },
      "Forward": {
        "precision": 0.8013245033112583,
        "recall": 0.8962962962962963,
        "f1-score": 0.8461538461538461,
        "support": 135.0
      },
      "Goalkeeper": {
        "precision": 1.0,
        "recall": 0.9714285714285714,
        "f1-score": 0.9855072463768116,
        "support": 35.0
      },
      "Midfielder": {
        "precision": 0.904,
        "recall": 0.795774647887324,
        "f1-score": 0.846441947565543,
        "support": 142.0
      },
      "accuracy": 0.8983739837398373,
      "macro avg": {
        "precision": 0.9153421148388036,
        "recall": 0.9075415455697146,
        "f1-score": 0.9098572517367574,
        "support": 492.0
      },
      "weighted avg": {
        "precision": 0.9016965854368535,
        "recall": 0.8983739837398373,
        "f1-score": 0.8982864907345811,
        "support": 492.0
      }
    },
    "selected_columns": [
      "passes_from_middle_third",
      "passes_from_defending_third",
      "passes_into_goal_area",
      "passes_within_attacking_third_completed",
      "passes_medium_total",
      "passes_long_completed",
      "passes_cross",
      "passes_vertical_into_the_box",
      "passes_progressive_completed",
      "passes_backward",
      "passes_backward_completed",
      "passes_long_vertical",
      "passes_long_vertical_from_defending_third",
      "passes_long_vertical_from_mid_third",
      "up_passes_from_middle_third",
      "up_passes_from_defending_third",
      "up_passes_into_attacking_third",
      "up_passes_short_total",
      "up_passes_progressive_completed",
      "up_passes_backward"
    ],
    "n_features": 20
  },
  "conf_2": {
    "scores": {
      "Defender": {
        "precision": 0.8061224489795918,
        "recall": 0.8777777777777778,
        "f1-score": 0.8404255319148937,
        "support": 180.0
      },
      "Forward": {
        "precision": 0.7894736842105263,
        "recall": 0.7777777777777778,
        "f1-score": 0.7835820895522388,
        "support": 135.0
      },
      "Goalkeeper": {
        "precision": 1.0,
        "recall": 0.9142857142857143,
        "f1-score": 0.9552238805970149,
        "support": 35.0
      },
      "Midfielder": {
        "precision": 0.6717557251908397,
        "recall": 0.6197183098591549,
        "f1-score": 0.6446886446886447,
        "support": 142.0
      },
      "accuracy": 0.7784552845528455,
      "macro avg": {
        "precision": 0.8168379645952395,
        "recall": 0.7973898949251061,
        "f1-score": 0.8059800366881981,
        "support": 492.0
      },
      "weighted avg": {
        "precision": 0.7765656527679814,
        "recall": 0.7784552845528455,
        "f1-score": 0.7765016284571467,
        "support": 492.0
      }
    },
    "selected_columns": [
      "pass_accuracy_%",
      "up_pass_accuracy_%",
      "pass_accuracy_progressive_%",
      "pass_accuracy_backward_%",
      "up_pass_accuracy_backward_%",
      "pass_accuaracy_medium_%",
      "pass_progressive_lead_to_shot_%",
      "pass_mean_distance_%"
    ],
    "n_features": 8
  }
}