{
  "conf_1": {
    "scores": {
      "Defender": {
        "precision": 0.95,
        "recall": 0.95,
        "f1-score": 0.95,
        "support": 180.0
      },
      "Forward": {
        "precision": 0.8413793103448276,
        "recall": 0.9037037037037037,
        "f1-score": 0.8714285714285714,
        "support": 135.0
      },
      "Goalkeeper": {
        "precision": 1.0,
        "recall": 1.0,
        "f1-score": 1.0,
        "support": 35.0
      },
      "Midfielder": {
        "precision": 0.8712121212121212,
        "recall": 0.8098591549295775,
        "f1-score": 0.8394160583941606,
        "support": 142.0
      },
      "accuracy": 0.9004065040650406,
      "macro avg": {
        "precision": 0.9156478578892372,
        "recall": 0.9158907146583203,
        "f1-score": 0.9152111574556829,
        "support": 492.0
      },
      "weighted avg": {
        "precision": 0.9010128620094979,
        "recall": 0.9004065040650406,
        "f1-score": 0.9000811736480242,
        "support": 492.0
      }
    },
    "selected_columns": [
      "touches_in_defending_penalty",
      "touches_in_defending_third",
      "touches_in_middle_third",
      "touches_in_attacking_third",
      "touches_in_attacking_penalty",
      "carry_into_attacking_third",
      "carry_distance",
      "balls_received",
      "up_touches_total",
      "up_touches_in_defending_penalty",
      "up_touches_in_defending_third",
      "up_touches_in_middle_third",
      "up_balls_received",
      "up_balls_received_successful"
    ],
    "n_features": 14
  },
  "conf_2": {
    "scores": {
      "Defender": {
        "precision": 0.912568306010929,
        "recall": 0.9277777777777778,
        "f1-score": 0.9201101928374655,
        "support": 180.0
      },
      "Forward": {
        "precision": 0.8175675675675675,
        "recall": 0.8962962962962963,
        "f1-score": 0.8551236749116607,
        "support": 135.0
      },
      "Goalkeeper": {
        "precision": 1.0,
        "recall": 1.0,
        "f1-score": 1.0,
        "support": 35.0
      },
      "Midfielder": {
        "precision": 0.8412698412698413,
        "recall": 0.7464788732394366,
        "f1-score": 0.7910447761194029,
        "support": 142.0
      },
      "accuracy": 0.8719512195121951,
      "macro avg": {
        "precision": 0.8928514287120844,
        "recall": 0.8926382368283776,
        "f1-score": 0.8915696609671323,
        "support": 492.0
      },
      "weighted avg": {
        "precision": 0.8721427523656633,
        "recall": 0.8719512195121951,
        "f1-score": 0.8707111565706773,
        "support": 492.0
      }
    },
    "selected_columns": [
      "touches_in_defending_penalty_%",
      "touches_in_defending_third_%",
      "touches_in_middle_third_%"
    ],
    "n_features": 3
  }
}