{
  "conf_1": {
    "scores": {
      "Defender": {
        "precision": 0.6339285714285714,
        "recall": 0.7888888888888889,
        "f1-score": 0.7029702970297029,
        "support": 180.0
      },
      "Forward": {
        "precision": 0.7894736842105263,
        "recall": 0.5555555555555556,
        "f1-score": 0.6521739130434783,
        "support": 135.0
      },
      "Goalkeeper": {
        "precision": 0.7,
        "recall": 1.0,
        "f1-score": 0.8235294117647058,
        "support": 35.0
      },
      "Midfielder": {
        "precision": 0.5934959349593496,
        "recall": 0.5140845070422535,
        "f1-score": 0.5509433962264151,
        "support": 142.0
      },
      "accuracy": 0.6605691056910569,
      "macro avg": {
        "precision": 0.6792245476496119,
        "recall": 0.7146322378716745,
        "f1-score": 0.6824042545160754,
        "support": 492.0
      },
      "weighted avg": {
        "precision": 0.6696392540442918,
        "recall": 0.6605691056910569,
        "f1-score": 0.6537309418742515,
        "support": 492.0
      }
    },
    "selected_columns": [
      "goals_penalty",
      "goals_in_penalty_area",
      "goals_mid_distance",
      "shots_total",
      "shots_on_target_right_foot",
      "shots_with_first_touch",
      "shots_in_penalty_area",
      "shots_in_middle_third",
      "shots_mid_distance",
      "shots_short_distance",
      "shots_avg_distance",
      "xG",
      "big_chances_total",
      "big_chances_led_to_goal",
      "up_shots_on_target_left_foot",
      "up_shots_on_target_right_foot",
      "up_shots_in_penalty_area",
      "up_shots_short_distance"
    ],
    "n_features": 18
  },
  "conf_2": {
    "scores": {
      "Defender": {
        "precision": 0.5465587044534413,
        "recall": 0.75,
        "f1-score": 0.6323185011709602,
        "support": 180.0
      },
      "Forward": {
        "precision": 0.5038759689922481,
        "recall": 0.48148148148148145,
        "f1-score": 0.49242424242424243,
        "support": 135.0
      },
      "Goalkeeper": {
        "precision": 0.7142857142857143,
        "recall": 1.0,
        "f1-score": 0.8333333333333334,
        "support": 35.0
      },
      "Midfielder": {
        "precision": 0.47761194029850745,
        "recall": 0.22535211267605634,
        "f1-score": 0.3062200956937799,
        "support": 142.0
      },
      "accuracy": 0.5426829268292683,
      "macro avg": {
        "precision": 0.5605830820074779,
        "recall": 0.6142083985393845,
        "f1-score": 0.566074043155579,
        "support": 492.0
      },
      "weighted avg": {
        "precision": 0.5268795084104898,
        "recall": 0.5426829268292683,
        "f1-score": 0.5141148845390833,
        "support": 492.0
      }
    },
    "selected_columns": [
      "shots_on_target_%",
      "shot_conversion_on_target_%",
      "shots_outside_the_box_%",
      "goals_right_foot_%",
      "goals_left_foot_%",
      "goals_outside_penalty_area_%"
    ],
    "n_features": 6
  }
}