{
  "conf_1": {
    "experiment_name": "absolute_values",
    "scores": {
      "Center Attacking Midfield": {
        "precision": 0.5555555555555556,
        "recall": 0.4,
        "f1-score": 0.46511627906976744,
        "support": 25.0
      },
      "Center Back": {
        "precision": 0.0,
        "recall": 0.0,
        "f1-score": 0.0,
        "support": 2.0
      },
      "Center Defensive Midfield": {
        "precision": 0.2916666666666667,
        "recall": 0.3684210526315789,
        "f1-score": 0.32558139534883723,
        "support": 19.0
      },
      "Center Forward": {
        "precision": 0.6363636363636364,
        "recall": 0.875,
        "f1-score": 0.7368421052631579,
        "support": 40.0
      },
      "Goalkeeper": {
        "precision": 0.9487179487179487,
        "recall": 1.0,
        "f1-score": 0.9736842105263158,
        "support": 37.0
      },
      "Left Attacking Midfield": {
        "precision": 0.0,
        "recall": 0.0,
        "f1-score": 0.0,
        "support": 0.0
      },
      "Left Back": {
        "precision": 0.3448275862068966,
        "recall": 0.2564102564102564,
        "f1-score": 0.29411764705882354,
        "support": 39.0
      },
      "Left Center Back": {
        "precision": 0.48,
        "recall": 0.32432432432432434,
        "f1-score": 0.3870967741935484,
        "support": 37.0
      },
      "Left Center Forward": {
        "precision": 0.0,
        "recall": 0.0,
        "f1-score": 0.0,
        "support": 10.0
      },
      "Left Center Midfield": {
        "precision": 0.08333333333333333,
        "recall": 0.045454545454545456,
        "f1-score": 0.058823529411764705,
        "support": 22.0
      },
      "Left Defensive Midfield": {
        "precision": 0.17391304347826086,
        "recall": 0.18181818181818182,
        "f1-score": 0.17777777777777778,
        "support": 22.0
      },
      "Left Midfield": {
        "precision": 0.08333333333333333,
        "recall": 0.0625,
        "f1-score": 0.07142857142857142,
        "support": 16.0
      },
      "Left Wing": {
        "precision": 0.11764705882352941,
        "recall": 0.08333333333333333,
        "f1-score": 0.0975609756097561,
        "support": 24.0
      },
      "Left Wing Back": {
        "precision": 0.0,
        "recall": 0.0,
        "f1-score": 0.0,
        "support": 3.0
      },
      "Right Back": {
        "precision": 0.37037037037037035,
        "recall": 0.2564102564102564,
        "f1-score": 0.30303030303030304,
        "support": 39.0
      },
      "Right Center Back": {
        "precision": 0.5111111111111111,
        "recall": 0.5609756097560976,
        "f1-score": 0.5348837209302325,
        "support": 41.0
      },
      "Right Center Forward": {
        "precision": 0.4,
        "recall": 0.18181818181818182,
        "f1-score": 0.25,
        "support": 11.0
      },
      "Right Center Midfield": {
        "precision": 0.25,
        "recall": 0.16666666666666666,
        "f1-score": 0.2,
        "support": 18.0
      },
      "Right Defensive Midfield": {
        "precision": 0.22727272727272727,
        "recall": 0.20833333333333334,
        "f1-score": 0.21739130434782608,
        "support": 24.0
      },
      "Right Midfield": {
        "precision": 0.0,
        "recall": 0.0,
        "f1-score": 0.0,
        "support": 14.0
      },
      "Right Wing": {
        "precision": 0.2857142857142857,
        "recall": 0.3333333333333333,
        "f1-score": 0.3076923076923077,
        "support": 24.0
      },
      "Right Wing Back": {
        "precision": 0.11538461538461539,
        "recall": 0.75,
        "f1-score": 0.2,
        "support": 4.0
      },
      "accuracy": 0.3673036093418259,
      "macro avg": {
        "precision": 0.26705505783328504,
        "recall": 0.27521813978591314,
        "f1-score": 0.2545921318949541,
        "support": 471.0
      },
      "weighted avg": {
        "precision": 0.37810074476202543,
        "recall": 0.3673036093418259,
        "f1-score": 0.3636880950101344,
        "support": 471.0
      }
    },
    "selected_columns": [
      "player_id",
      "ball_recovery_defending_third",
      "ball_recovery_successful_defending_third",
      "pressure_on_opponent_defending_third",
      "pressure_on_opponent_middle_third",
      "pressure_on_opponent_attacking_third",
      "counterpressing_opponent_defending_third",
      "counterpressing_opponent_middle_third",
      "counterpressing_attacking_third",
      "block_total",
      "clearance_total",
      "clearance_with_head",
      "tackling_won",
      "tackling_in_defending_third",
      "tackling_in_middle_third",
      "tackling_in_attacking_third",
      "fouls_in_defending_third",
      "fouls_in_middle_third"
    ],
    "n_features": 18
  },
  "conf_2": {
    "experiment_name": "relative_values",
    "scores": {
      "Center Attacking Midfield": {
        "precision": 0.3333333333333333,
        "recall": 0.32,
        "f1-score": 0.32653061224489793,
        "support": 25.0
      },
      "Center Back": {
        "precision": 0.0,
        "recall": 0.0,
        "f1-score": 0.0,
        "support": 2.0
      },
      "Center Defensive Midfield": {
        "precision": 0.3333333333333333,
        "recall": 0.42105263157894735,
        "f1-score": 0.37209302325581395,
        "support": 19.0
      },
      "Center Forward": {
        "precision": 0.6129032258064516,
        "recall": 0.95,
        "f1-score": 0.7450980392156863,
        "support": 40.0
      },
      "Goalkeeper": {
        "precision": 0.9736842105263158,
        "recall": 1.0,
        "f1-score": 0.9866666666666667,
        "support": 37.0
      },
      "Left Attacking Midfield": {
        "precision": 0.0,
        "recall": 0.0,
        "f1-score": 0.0,
        "support": 0.0
      },
      "Left Back": {
        "precision": 0.34210526315789475,
        "recall": 0.3333333333333333,
        "f1-score": 0.33766233766233766,
        "support": 39.0
      },
      "Left Center Back": {
        "precision": 0.4074074074074074,
        "recall": 0.2972972972972973,
        "f1-score": 0.34375,
        "support": 37.0
      },
      "Left Center Forward": {
        "precision": 0.0,
        "recall": 0.0,
        "f1-score": 0.0,
        "support": 10.0
      },
      "Left Center Midfield": {
        "precision": 0.15384615384615385,
        "recall": 0.09090909090909091,
        "f1-score": 0.11428571428571428,
        "support": 22.0
      },
      "Left Defensive Midfield": {
        "precision": 0.1,
        "recall": 0.09090909090909091,
        "f1-score": 0.09523809523809523,
        "support": 22.0
      },
      "Left Midfield": {
        "precision": 0.2222222222222222,
        "recall": 0.125,
        "f1-score": 0.16,
        "support": 16.0
      },
      "Left Wing": {
        "precision": 0.3076923076923077,
        "recall": 0.16666666666666666,
        "f1-score": 0.21621621621621623,
        "support": 24.0
      },
      "Left Wing Back": {
        "precision": 0.0,
        "recall": 0.0,
        "f1-score": 0.0,
        "support": 3.0
      },
      "Right Back": {
        "precision": 0.21739130434782608,
        "recall": 0.1282051282051282,
        "f1-score": 0.16129032258064516,
        "support": 39.0
      },
      "Right Center Back": {
        "precision": 0.49056603773584906,
        "recall": 0.6341463414634146,
        "f1-score": 0.5531914893617021,
        "support": 41.0
      },
      "Right Center Forward": {
        "precision": 0.0,
        "recall": 0.0,
        "f1-score": 0.0,
        "support": 11.0
      },
      "Right Center Midfield": {
        "precision": 0.11764705882352941,
        "recall": 0.1111111111111111,
        "f1-score": 0.11428571428571428,
        "support": 18.0
      },
      "Right Defensive Midfield": {
        "precision": 0.25806451612903225,
        "recall": 0.3333333333333333,
        "f1-score": 0.2909090909090909,
        "support": 24.0
      },