{
  "conf_1": {
    "experiment_name": "absolute_values",
    "scores": {
      "Center Attacking Midfield": {
        "precision": 0.2777777777777778,
        "recall": 0.2,
        "f1-score": 0.23255813953488372,
        "support": 25.0
      },
      "Center Back": {
        "precision": 0.07692307692307693,
        "recall": 0.5,
        "f1-score": 0.13333333333333333,
        "support": 2.0
      },
      "Center Defensive Midfield": {
        "precision": 0.45454545454545453,
        "recall": 0.5263157894736842,
        "f1-score": 0.4878048780487805,
        "support": 19.0
      },
      "Center Forward": {
        "precision": 0.559322033898305,
        "recall": 0.825,
        "f1-score": 0.6666666666666666,
        "support": 40.0
      },
      "Goalkeeper": {
        "precision": 1.0,
        "recall": 1.0,
        "f1-score": 1.0,
        "support": 37.0
      },
      "Left Attacking Midfield": {
        "precision": 0.0,
        "recall": 0.0,
        "f1-score": 0.0,
        "support": 0.0
      },
      "Left Back": {
        "precision": 0.4782608695652174,
        "recall": 0.5641025641025641,
        "f1-score": 0.5176470588235295,
        "support": 39.0
      },
      "Left Center Back": {
        "precision": 0.5185185185185185,
        "recall": 0.3783783783783784,
        "f1-score": 0.4375,
        "support": 37.0
      },
      "Left Center Forward": {
        "precision": 0.0,
        "recall": 0.0,
        "f1-score": 0.0,
        "support": 10.0
      },
      "Left Center Midfield": {
        "precision": 0.23529411764705882,
        "recall": 0.18181818181818182,
        "f1-score": 0.20512820512820512,
        "support": 22.0
      },
      "Left Defensive Midfield": {
        "precision": 0.05263157894736842,
        "recall": 0.045454545454545456,
        "f1-score": 0.04878048780487805,
        "support": 22.0
      },
      "Left Midfield": {
        "precision": 0.2857142857142857,
        "recall": 0.25,
        "f1-score": 0.26666666666666666,
        "support": 16.0
      },
      "Left Wing": {
        "precision": 0.29411764705882354,
        "recall": 0.20833333333333334,
        "f1-score": 0.24390243902439024,
        "support": 24.0
      },
      "Left Wing Back": {
        "precision": 0.0,
        "recall": 0.0,
        "f1-score": 0.0,
        "support": 3.0
      },
      "Right Back": {
        "precision": 0.4166666666666667,
        "recall": 0.2564102564102564,
        "f1-score": 0.31746031746031744,
        "support": 39.0
      },
      "Right Center Back": {
        "precision": 0.4634146341463415,
        "recall": 0.4634146341463415,
        "f1-score": 0.4634146341463415,
        "support": 41.0
      },
      "Right Center Forward": {
        "precision": 0.07692307692307693,
        "recall": 0.09090909090909091,
        "f1-score": 0.08333333333333333,
        "support": 11.0
      },
      "Right Center Midfield": {
        "precision": 0.3125,
        "recall": 0.2777777777777778,
        "f1-score": 0.29411764705882354,
        "support": 18.0
      },
      "Right Defensive Midfield": {
        "precision": 0.35294117647058826,
        "recall": 0.25,
        "f1-score": 0.2926829268292683,
        "support": 24.0
      },
      "Right Midfield": {
        "precision": 0.08333333333333333,
        "recall": 0.07142857142857142,
        "f1-score": 0.07692307692307693,
        "support": 14.0
      },
      "Right Wing": {
        "precision": 0.4166666666666667,
        "recall": 0.20833333333333334,
        "f1-score": 0.2777777777777778,
        "support": 24.0
      },
      "Right Wing Back": {
        "precision": 0.05,
        "recall": 0.25,
        "f1-score": 0.08333333333333333,
        "support": 4.0
      },
      "accuracy": 0.39065817409766457,
      "macro avg": {
        "precision": 0.29116140521829814,
        "recall": 0.297621657116639,
        "f1-score": 0.2785923146315275,
        "support": 471.0
      },
      "weighted avg": {
        "precision": 0.408636774655727,
        "recall": 0.39065817409766457,
        "f1-score": 0.39021376064125923,
        "support": 471.0
      }
    },
    "selected_columns": [
      "touches_in_defending_penalty",
      "touches_in_defending_third",
      "touches_in_middle_third",
      "touches_in_attacking_third",
      "carry_into_attacking_third",
      "progressive_carry_middle_third",
      "progressive_carry_attacking_third",
      "progressive_carry_distance_middle_third",
      "progressive_carry_distance_attacking_third",
      "miscontrol_total",
      "balls_received_in_attacking_third",
      "balls_received_in_edge_of_the_box",
      "up_touches_in_defending_penalty",
      "up_touches_in_defending_third",
      "up_touches_in_middle_third",
      "up_progressive_carry_defending_third",
      "up_balls_received_successful",
      "up_balls_received_in_defending_penalty_area",
      "up_balls_received_in_defending_third",
      "up_balls_received_in_middle_third"
    ],
    "n_features": 20
  },
  "conf_2": {
    "experiment_name": "relative_values",
    "scores": {
      "Center Attacking Midfield": {
        "precision": 0.2916666666666667,
        "recall": 0.28,
        "f1-score": 0.2857142857142857,
        "support": 25.0
      },
      "Center Back": {
        "precision": 0.0,
        "recall": 0.0,
        "f1-score": 0.0,
        "support": 2.0
      },
      "Center Defensive Midfield": {
        "precision": 0.36363636363636365,
        "recall": 0.42105263157894735,
        "f1-score": 0.3902439024390244,
        "support": 19.0
      },
      "Center Forward": {
        "precision": 0.6111111111111112,
        "recall": 0.825,
        "f1-score": 0.7021276595744681,
        "support": 40.0
      },
      "Goalkeeper": {
        "precision": 1.0,
        "recall": 1.0,
        "f1-score": 1.0,
        "support": 37.0
      },
      "Left Attacking Midfield": {
        "precision": 0.0,
        "recall": 0.0,
        "f1-score": 0.0,
        "support": 0.0
      },
      "Left Back": {
        "precision": 0.4489795918367347,
        "recall": 0.5641025641025641,
        "f1-score": 0.5,
        "support": 39.0
      },
      "Left Center Back": {
        "precision": 0.375,
        "recall": 0.24324324324324326,
        "f1-score": 0.29508196721311475,
        "support": 37.0
      },
      "Left Center Forward": {
        "precision": 0.0,
        "recall": 0.0,
        "f1-score": 0.0,
        "support": 10.0
      },
      "Left Center Midfield": {
        "precision": 0.23076923076923078,
        "recall": 0.13636363636363635,
        "f1-score": 0.17142857142857143,
        "support": 22.0
      },
      "Left Defensive Midfield": {
        "precision": 0.08695652173913043,
        "recall": 0.09090909090909091,
        "f1-score": 0.08888888888888889,
        "support": 22.0
      },
      "Left Midfield": {
        "precision": 0.23529411764705882,
        "recall": 0.25,
        "f1-score": 0.24242424242424243,
        "support": 16.0
      },
      "Left Wing": {
        "precision": 0.42857142857142855,
        "recall": 0.375,
        "f1-score": 0.4,
        "support": 24.0
      },
      "Left Wing Back": {
        "precision": 0.0,
        "recall": 0.0,
        "f1-score": 0.0,
        "support": 3.0
      },
      "Right Back": {
        "precision": 0.3939393939393939,
        "recall": 0.3333333333333333,
        "f1-score": 0.3611111111111111,
        "support": 39.0
      },
      "Right Center Back": {
        "precision": 0.4489795918367347,
        "recall": 0.5365853658536586,
        "f1-score": 0.4888888888888889,
        "support": 41.0
      },
      "Right Center Forward": {
        "precision": 0.16666666666666666,
        "recall": 0.09090909090909091,
        "f1-score": 0.11764705882352941,
        "support": 11.0
      },
      "Right Center Midfield": {
        "precision": 0.16666666666666666,
        "recall": 0.16666666666666666,