{
  "conf_1": {
    "experiment_name": "absolute_values",
    "scores": {
      "Center Attacking Midfield": {
        "precision": 0.3076923076923077,
        "recall": 0.16,
        "f1-score": 0.21052631578947367,
        "support": 25.0
      },
      "Center Back": {
        "precision": 0.16666666666666666,
        "recall": 0.5,
        "f1-score": 0.25,
        "support": 2.0
      },
      "Center Defensive Midfield": {
        "precision": 0.4090909090909091,
        "recall": 0.47368421052631576,
        "f1-score": 0.43902439024390244,
        "support": 19.0
      },
      "Center Forward": {
        "precision": 0.5238095238095238,
        "recall": 0.825,
        "f1-score": 0.6407766990291263,
        "support": 40.0
      },
      "Goalkeeper": {
        "precision": 1.0,
        "recall": 1.0,
        "f1-score": 1.0,
        "support": 37.0
      },
      "Left Attacking Midfield": {
        "precision": 0.0,
        "recall": 0.0,
        "f1-score": 0.0,
        "support": 0.0
      },
      "Left Back": {
        "precision": 0.47619047619047616,
        "recall": 0.5128205128205128,
        "f1-score": 0.49382716049382713,
        "support": 39.0
      },
      "Left Center Back": {
        "precision": 0.4074074074074074,
        "recall": 0.2972972972972973,
        "f1-score": 0.34375,
        "support": 37.0
      },
      "Left Center Forward": {
        "precision": 0.0,
        "recall": 0.0,
        "f1-score": 0.0,
        "support": 10.0
      },
      "Left Center Midfield": {
        "precision": 0.3333333333333333,
        "recall": 0.18181818181818182,
        "f1-score": 0.23529411764705882,
        "support": 22.0
      },
      "Left Defensive Midfield": {
        "precision": 0.17647058823529413,
        "recall": 0.13636363636363635,
        "f1-score": 0.15384615384615385,
        "support": 22.0
      },
      "Left Midfield": {
        "precision": 0.2,
        "recall": 0.1875,
        "f1-score": 0.1935483870967742,
        "support": 16.0
      },
      "Left Wing": {
        "precision": 0.3,
        "recall": 0.125,
        "f1-score": 0.17647058823529413,
        "support": 24.0
      },
      "Left Wing Back": {
        "precision": 0.07142857142857142,
        "recall": 0.3333333333333333,
        "f1-score": 0.11764705882352941,
        "support": 3.0
      },
      "Right Back": {
        "precision": 0.6,
        "recall": 0.46153846153846156,
        "f1-score": 0.5217391304347826,
        "support": 39.0
      },
      "Right Center Back": {
        "precision": 0.475,
        "recall": 0.4634146341463415,
        "f1-score": 0.4691358024691358,
        "support": 41.0
      },
      "Right Center Forward": {
        "precision": 0.0,
        "recall": 0.0,
        "f1-score": 0.0,
        "support": 11.0
      },
      "Right Center Midfield": {
        "precision": 0.26666666666666666,
        "recall": 0.2222222222222222,
        "f1-score": 0.24242424242424243,
        "support": 18.0
      },
      "Right Defensive Midfield": {
        "precision": 0.2608695652173913,
        "recall": 0.25,
        "f1-score": 0.2553191489361702,
        "support": 24.0
      },
      "Right Midfield": {
        "precision": 0.16666666666666666,
        "recall": 0.14285714285714285,
        "f1-score": 0.15384615384615385,
        "support": 14.0
      },
      "Right Wing": {
        "precision": 0.35714285714285715,
        "recall": 0.20833333333333334,
        "f1-score": 0.2631578947368421,
        "support": 24.0
      },
      "Right Wing Back": {
        "precision": 0.05555555555555555,
        "recall": 0.25,
        "f1-score": 0.09090909090909091,
        "support": 4.0
      },
      "accuracy": 0.39065817409766457,
      "macro avg": {
        "precision": 0.29790868614107396,
        "recall": 0.3059628621025809,
        "f1-score": 0.284147378861889,
        "support": 471.0
      },
      "weighted avg": {
        "precision": 0.41250334942091077,
        "recall": 0.39065817409766457,
        "f1-score": 0.3903752779358266,
        "support": 471.0
      }
    },
    "selected_columns": [
      "passes_from_defending_third",
      "passes_from_edge_of_the_box",
      "passes_from_attacking_third_completed",
      "passes_from_defending_third_completed",
      "passes_from_edge_of_the_box_completed",
      "passes_into_defending_third",
      "passes_into_goal_area",
      "passes_short_completed",
      "passes_long_completed",
      "passes_vertical_completed",
      "passes_backward_completed",
      "passes_long_vertical",
      "passes_long_vertical_from_defending_third",
      "passes_long_vertical_from_mid_third",
      "passes_long_vertical_from_mid_third_into_the_box",
      "up_passes_from_middle_third",
      "up_passes_from_defending_third",
      "up_passes_into_box",
      "up_passes_within_attacking_third",
      "up_passes_medium_completed"
    ],
    "n_features": 20
  },
  "conf_2": {
    "experiment_name": "relative_values",
    "scores": {
      "Center Attacking Midfield": {
        "precision": 0.2692307692307692,
        "recall": 0.28,
        "f1-score": 0.27450980392156865,
        "support": 25.0
      },
      "Center Back": {
        "precision": 0.125,
        "recall": 0.5,
        "f1-score": 0.2,
        "support": 2.0
      },
      "Center Defensive Midfield": {
        "precision": 0.4583333333333333,
        "recall": 0.5789473684210527,
        "f1-score": 0.5116279069767442,
        "support": 19.0
      },
      "Center Forward": {
        "precision": 0.6739130434782609,
        "recall": 0.775,
        "f1-score": 0.7209302325581395,
        "support": 40.0
      },
      "Goalkeeper": {
        "precision": 1.0,
        "recall": 1.0,
        "f1-score": 1.0,
        "support": 37.0
      },
      "Left Attacking Midfield": {
        "precision": 0.0,
        "recall": 0.0,
        "f1-score": 0.0,
        "support": 0.0
      },
      "Left Back": {
        "precision": 0.46153846153846156,
        "recall": 0.6153846153846154,
        "f1-score": 0.5274725274725275,
        "support": 39.0
      },
      "Left Center Back": {
        "precision": 0.4375,
        "recall": 0.3783783783783784,
        "f1-score": 0.4057971014492754,
        "support": 37.0
      },
      "Left Center Forward": {
        "precision": 0.0,
        "recall": 0.0,
        "f1-score": 0.0,
        "support": 10.0
      },
      "Left Center Midfield": {
        "precision": 0.15789473684210525,
        "recall": 0.13636363636363635,
        "f1-score": 0.14634146341463414,
        "support": 22.0
      },
      "Left Defensive Midfield": {
        "precision": 0.16666666666666666,
        "recall": 0.18181818181818182,
        "f1-score": 0.17391304347826086,
        "support": 22.0
      },
      "Left Midfield": {
        "precision": 0.2,
        "recall": 0.1875,
        "f1-score": 0.1935483870967742,
        "support": 16.0
      },
      "Left Wing": {
        "precision": 0.23809523809523808,
        "recall": 0.20833333333333334,
        "f1-score": 0.2222222222222222,
        "support": 24.0
      },
      "Left Wing Back": {
        "precision": 0.0,
        "recall": 0.0,
        "f1-score": 0.0,
        "support": 3.0
      },
      "Right Back": {
        "precision": 0.53125,
        "recall": 0.4358974358974359,
        "f1-score": 0.4788732394366197,
        "support": 39.0
      },
      "Right Center Back": {
        "precision": 0.5,
        "recall": 0.4634146341463415,
        "f1-score": 0.4810126582278481,
        "support": 41.0
      },
      "Right Center Forward": {
        "precision": 0.15384615384615385,
        "recall": 0.18181818181818182,
        "f1-score": 0.16666666666666666,
        "support": 11.0
      },
      "Right Center Midfield": {
        "precision": 0.3333333333333333,
        "recall": 0.2222222222222222,
        "f1-score": 0.26666666666666666,
        "support": 18.0
      },