{
  "conf_1": {
    "scores": {
      "Center Attacking Midfield": {
        "precision": 0.05,
        "recall": 0.03125,
        "f1-score": 0.038461538461538464,
        "support": 32.0
      },
      "Center Back": {
        "precision": 0.0,
        "recall": 0.0,
        "f1-score": 0.0,
        "support": 7.0
      },
      "Center Defensive Midfield": {
        "precision": 0.5,
        "recall": 0.0625,
        "f1-score": 0.1111111111111111,
        "support": 16.0
      },
      "Center Forward": {
        "precision": 0.06666666666666667,
        "recall": 0.05263157894736842,
        "f1-score": 0.058823529411764705,
        "support": 19.0
      },
      "Goalkeeper": {
        "precision": 0.5625,
        "recall": 1.0,
        "f1-score": 0.72,
        "support": 36.0
      },
      "Left Attacking Midfield": {
        "precision": 0.0,
        "recall": 0.0,
        "f1-score": 0.0,
        "support": 2.0
      },
      "Left Back": {
        "precision": 0.30434782608695654,
        "recall": 0.5,
        "f1-score": 0.3783783783783784,
        "support": 28.0
      },
      "Left Center Back": {
        "precision": 0.3023255813953488,
        "recall": 0.37142857142857144,
        "f1-score": 0.3333333333333333,
        "support": 35.0
      },
      "Left Center Forward": {
        "precision": 0.17647058823529413,
        "recall": 0.16666666666666666,
        "f1-score": 0.17142857142857143,
        "support": 18.0
      },
      "Left Center Midfield": {
        "precision": 0.25,
        "recall": 0.04,
        "f1-score": 0.06896551724137931,
        "support": 25.0
      },
      "Left Defensive Midfield": {
        "precision": 0.17857142857142858,
        "recall": 0.22727272727272727,
        "f1-score": 0.2,
        "support": 22.0
      },
      "Left Midfield": {
        "precision": 0.05,
        "recall": 0.125,
        "f1-score": 0.07142857142857142,
        "support": 24.0
      },
      "Left Wing": {
        "precision": 0.11764705882352941,
        "recall": 0.09090909090909091,
        "f1-score": 0.10256410256410256,
        "support": 22.0
      },
      "Left Wing Back": {
        "precision": 0.0,
        "recall": 0.0,
        "f1-score": 0.0,
        "support": 6.0
      },
      "Right Attacking Midfield": {
        "precision": 0.0,
        "recall": 0.0,
        "f1-score": 0.0,
        "support": 3.0
      },
      "Right Back": {
        "precision": 0.1,
        "recall": 0.10344827586206896,
        "f1-score": 0.1016949152542373,
        "support": 29.0
      },
      "Right Center Back": {
        "precision": 0.20454545454545456,
        "recall": 0.3,
        "f1-score": 0.24324324324324326,
        "support": 30.0
      },
      "Right Center Forward": {
        "precision": 0.06666666666666667,
        "recall": 0.05263157894736842,
        "f1-score": 0.058823529411764705,
        "support": 19.0
      },
      "Right Center Midfield": {
        "precision": 0.15384615384615385,
        "recall": 0.21428571428571427,
        "f1-score": 0.1791044776119403,
        "support": 28.0
      },
      "Right Defensive Midfield": {
        "precision": 0.2727272727272727,
        "recall": 0.15,
        "f1-score": 0.1935483870967742,
        "support": 20.0
      },
      "Right Midfield": {
        "precision": 0.16666666666666666,
        "recall": 0.1111111111111111,
        "f1-score": 0.13333333333333333,
        "support": 18.0
      },
      "Right Wing": {
        "precision": 0.6666666666666666,
        "recall": 0.08695652173913043,
        "f1-score": 0.15384615384615385,
        "support": 23.0
      },
      "Right Wing Back": {
        "precision": 0.0,
        "recall": 0.0,
        "f1-score": 0.0,
        "support": 9.0
      },
      "accuracy": 0.22505307855626328,
      "macro avg": {
        "precision": 0.18215861003904807,
        "recall": 0.16026486248564425,
        "f1-score": 0.1442647257893999,
        "support": 471.0
      },
      "weighted avg": {
        "precision": 0.2245470909882472,
        "recall": 0.22505307855626328,
        "f1-score": 0.19464215513397365,
        "support": 471.0
      }
    },
    "selected_columns": [
      "passes_from_middle_third",
      "passes_from_defending_third",
      "passes_from_the_box",
      "passes_into_box_completed",
      "passes_into_goal_area",
      "passes_medium_total",
      "passes_switch",
      "passes_cross",
      "passes_high_horizontal_into_edge_of_the_box",
      "passes_low_horizontal_into_edge_of_the_box",
      "passes_low_horizontal_into_the_box",
      "passes_backward",
      "passes_long_vertical",
      "passes_long_vertical_from_defending_third",
      "passes_long_vertical_from_mid_third",
      "passes_long_vertical_from_mid_third_into_the_box",
      "up_passes_from_middle_third",
      "up_passes_from_defending_third",
      "up_passes_vertical_into_edge_of_the_box",
      "up_passes_high_vertical_into_edge_of_the_box"
    ],
    "n_features": 20
  },
  "conf_2": {
    "scores": {
      "Center Attacking Midfield": {
        "precision": 0.060240963855421686,
        "recall": 0.15625,
        "f1-score": 0.08695652173913043,
        "support": 32.0
      },
      "Center Back": {
        "precision": 0.0,
        "recall": 0.0,
        "f1-score": 0.0,
        "support": 7.0
      },
      "Center Defensive Midfield": {
        "precision": 0.0,
        "recall": 0.0,
        "f1-score": 0.0,
        "support": 16.0
      },
      "Center Forward": {
        "precision": 0.1875,
        "recall": 0.15789473684210525,
        "f1-score": 0.17142857142857143,
        "support": 19.0
      },
      "Goalkeeper": {
        "precision": 0.8333333333333334,
        "recall": 0.9722222222222222,
        "f1-score": 0.8974358974358975,
        "support": 36.0
      },
      "Left Attacking Midfield": {
        "precision": 0.0,
        "recall": 0.0,
        "f1-score": 0.0,
        "support": 2.0
      },
      "Left Back": {
        "precision": 0.1111111111111111,
        "recall": 0.03571428571428571,
        "f1-score": 0.05405405405405406,
        "support": 28.0
      },
      "Left Center Back": {
        "precision": 0.18584070796460178,
        "recall": 0.6,
        "f1-score": 0.28378378378378377,
        "support": 35.0
      },
      "Left Center Forward": {
        "precision": 0.21052631578947367,
        "recall": 0.2222222222222222,
        "f1-score": 0.21621621621621623,
        "support": 18.0
      },
      "Left Center Midfield": {
        "precision": 0.21428571428571427,
        "recall": 0.12,
        "f1-score": 0.15384615384615385,
        "support": 25.0
      },
      "Left Defensive Midfield": {
        "precision": 0.0,
        "recall": 0.0,
        "f1-score": 0.0,
        "support": 22.0
      },
      "Left Midfield": {
        "precision": 0.0,
        "recall": 0.0,
        "f1-score": 0.0,
        "support": 24.0
      },
      "Left Wing": {
        "precision": 0.0,
        "recall": 0.0,
        "f1-score": 0.0,
        "support": 22.0
      },
      "Left Wing Back": {
        "precision": 0.0,
        "recall": 0.0,
        "f1-score": 0.0,
        "support": 6.0
      },
      "Right Attacking Midfield": {
        "precision": 0.0,
        "recall": 0.0,
        "f1-score": 0.0,
        "support": 3.0
      },
      "Right Back": {
        "precision": 0.1509433962264151,
        "recall": 0.27586206896551724,
        "f1-score": 0.1951219512195122,
        "support": 29.0
      },
      "Right Center Back": {
        "precision": 0.30303030303030304,
        "recall": 0.3333333333333333,
        "f1-score": 0.31746031746031744,
        "support": 30.0
      },
      "Right Center Forward": {
        "precision": 0.058823529411764705,
        "recall": 0.05263157894736842,
        "f1-score": 0.05555555555555555,
        "support": 19.0
      },
      "Right Center Midfield": {
        "precision": 0.13953488372093023,