{
  "conf_1": {
    "scores": {
      "Center Attacking Midfield": {
        "precision": 0.12121212121212122,
        "recall": 0.125,
        "f1-score": 0.12307692307692308,
        "support": 32.0
      },
      "Center Back": {
        "precision": 1.0,
        "recall": 0.14285714285714285,
        "f1-score": 0.25,
        "support": 7.0
      },
      "Center Defensive Midfield": {
        "precision": 0.0,
        "recall": 0.0,
        "f1-score": 0.0,
        "support": 16.0
      },
      "Center Forward": {
        "precision": 0.18181818181818182,
        "recall": 0.10526315789473684,
        "f1-score": 0.13333333333333333,
        "support": 19.0
      },
      "Goalkeeper": {
        "precision": 0.5625,
        "recall": 1.0,
        "f1-score": 0.72,
        "support": 36.0
      },
      "Left Attacking Midfield": {
        "precision": 0.0,
        "recall": 0.0,
        "f1-score": 0.0,
        "support": 2.0
      },
      "Left Back": {
        "precision": 0.14492753623188406,
        "recall": 0.35714285714285715,
        "f1-score": 0.20618556701030927,
        "support": 28.0
      },
      "Left Center Back": {
        "precision": 0.22077922077922077,
        "recall": 0.4857142857142857,
        "f1-score": 0.30357142857142855,
        "support": 35.0
      },
      "Left Center Forward": {
        "precision": 0.0,
        "recall": 0.0,
        "f1-score": 0.0,
        "support": 18.0
      },
      "Left Center Midfield": {
        "precision": 0.125,
        "recall": 0.04,
        "f1-score": 0.06060606060606061,
        "support": 25.0
      },
      "Left Defensive Midfield": {
        "precision": 0.13793103448275862,
        "recall": 0.18181818181818182,
        "f1-score": 0.1568627450980392,
        "support": 22.0
      },
      "Left Midfield": {
        "precision": 0.0,
        "recall": 0.0,
        "f1-score": 0.0,
        "support": 24.0
      },
      "Left Wing": {
        "precision": 0.0,
        "recall": 0.0,
        "f1-score": 0.0,
        "support": 22.0
      },
      "Left Wing Back": {
        "precision": 0.0,
        "recall": 0.0,
        "f1-score": 0.0,
        "support": 6.0
      },
      "Right Attacking Midfield": {
        "precision": 0.0,
        "recall": 0.0,
        "f1-score": 0.0,
        "support": 3.0
      },
      "Right Back": {
        "precision": 0.13333333333333333,
        "recall": 0.13793103448275862,
        "f1-score": 0.13559322033898305,
        "support": 29.0
      },
      "Right Center Back": {
        "precision": 0.2037037037037037,
        "recall": 0.36666666666666664,
        "f1-score": 0.2619047619047619,
        "support": 30.0
      },
      "Right Center Forward": {
        "precision": 0.15384615384615385,
        "recall": 0.10526315789473684,
        "f1-score": 0.125,
        "support": 19.0
      },
      "Right Center Midfield": {
        "precision": 0.05714285714285714,
        "recall": 0.07142857142857142,
        "f1-score": 0.06349206349206349,
        "support": 28.0
      },
      "Right Defensive Midfield": {
        "precision": 0.0,
        "recall": 0.0,
        "f1-score": 0.0,
        "support": 20.0
      },
      "Right Midfield": {
        "precision": 0.42857142857142855,
        "recall": 0.16666666666666666,
        "f1-score": 0.24,
        "support": 18.0
      },
      "Right Wing": {
        "precision": 0.0,
        "recall": 0.0,
        "f1-score": 0.0,
        "support": 23.0
      },
      "Right Wing Back": {
        "precision": 0.0,
        "recall": 0.0,
        "f1-score": 0.0,
        "support": 9.0
      },
      "accuracy": 0.2059447983014862,
      "macro avg": {
        "precision": 0.15090285091833228,
        "recall": 0.1428587705463741,
        "f1-score": 0.12085330884486532,
        "support": 471.0
      },
      "weighted avg": {
        "precision": 0.1586904463882376,
        "recall": 0.2059447983014862,
        "f1-score": 0.16086676577525064,
        "support": 471.0
      }
    },
    "selected_columns": [
      "goals_header",
      "goals_avg_distance",
      "shots_on_target_left_foot",
      "shots_on_target_right_foot",
      "shots_with_first_touch",
      "shots_in_penalty_area",
      "shots_long_distance",
      "shots_short_distance",
      "shots_avg_distance",
      "goal_volley",
      "xG",
      "big_chances_total",
      "big_chances_led_to_goal",
      "up_shots_on_target_left_foot",
      "up_shots_on_target_right_foot",
      "up_shots_in_penalty_area",
      "up_shots_mid_distance",
      "up_shots_short_distance",
      "up_xG",
      "first_goal"
    ],
    "n_features": 20
  },
  "conf_2": {
    "scores": {
      "Center Attacking Midfield": {
        "precision": 0.05357142857142857,
        "recall": 0.09375,
        "f1-score": 0.06818181818181818,
        "support": 32.0
      },
      "Center Back": {
        "precision": 0.0,
        "recall": 0.0,
        "f1-score": 0.0,
        "support": 7.0
      },
      "Center Defensive Midfield": {
        "precision": 0.0,
        "recall": 0.0,
        "f1-score": 0.0,
        "support": 16.0
      },
      "Center Forward": {
        "precision": 0.0,
        "recall": 0.0,
        "f1-score": 0.0,
        "support": 19.0
      },
      "Goalkeeper": {
        "precision": 0.6428571428571429,
        "recall": 1.0,
        "f1-score": 0.782608695652174,
        "support": 36.0
      },
      "Left Attacking Midfield": {
        "precision": 0.0,
        "recall": 0.0,
        "f1-score": 0.0,
        "support": 2.0
      },
      "Left Back": {
        "precision": 0.13924050632911392,
        "recall": 0.39285714285714285,
        "f1-score": 0.205607476635514,
        "support": 28.0
      },
      "Left Center Back": {
        "precision": 0.12173913043478261,
        "recall": 0.4,
        "f1-score": 0.18666666666666668,
        "support": 35.0
      },
      "Left Center Forward": {
        "precision": 0.0,
        "recall": 0.0,
        "f1-score": 0.0,
        "support": 18.0
      },
      "Left Center Midfield": {
        "precision": 0.0,
        "recall": 0.0,
        "f1-score": 0.0,
        "support": 25.0
      },
      "Left Defensive Midfield": {
        "precision": 0.0,
        "recall": 0.0,
        "f1-score": 0.0,
        "support": 22.0
      },
      "Left Midfield": {
        "precision": 0.0,
        "recall": 0.0,
        "f1-score": 0.0,
        "support": 24.0
      },
      "Left Wing": {
        "precision": 0.0,
        "recall": 0.0,
        "f1-score": 0.0,
        "support": 22.0
      },
      "Left Wing Back": {
        "precision": 0.0,
        "recall": 0.0,
        "f1-score": 0.0,
        "support": 6.0
      },
      "Right Attacking Midfield": {
        "precision": 0.0,
        "recall": 0.0,
        "f1-score": 0.0,
        "support": 3.0
      },
      "Right Back": {
        "precision": 0.0,
        "recall": 0.0,
        "f1-score": 0.0,
        "support": 29.0
      },
      "Right Center Back": {
        "precision": 0.13043478260869565,
        "recall": 0.2,
        "f1-score": 0.15789473684210525,
        "support": 30.0
      },
      "Right Center Forward": {
        "precision": 0.0,
        "recall": 0.0,
        "f1-score": 0.0,
        "support": 19.0
      },
      "Right Center Midfield": {
        "precision": 0.06097560975609756,
        "recall": 0.17857142857142858,
        "f1-score": 0.09090909090909091,
        "support": 28.0
      },
      "Right Defensive Midfield": {
        "precision": 0.0,
        "recall": 0.0,
        "f1-score": 0.0,
        "support": 20.0
      },
      "Right Midfield": {
        "precision": 0.0,
        "recall": 0.0,
        "f1-score": 0.0,
        "support": 18.0
      },
      "Right Wing": {
        "precision": 0.1,
        "recall": 0.08695652173913043,
        "f1-score": 0.09302325581395349,
        "support": 23.0
      },
      "Right Wing Back": {
        "precision": 0.0,
        "recall": 0.0,