{
    "goalkeeper": {
        "MAP@10": 1.0,
        "MRR@10": 1.0
    },
    "defender": {
        "MAP@10": 0.7395767195767197,
        "MRR@10": 0.7
    },
    "midfielder": {
        "MAP@10": 0.6948115079365079,
        "MRR@10": 0.8
    },
    "forward": {
        "MAP@10": 0.8180776014109348,
        "MRR@10": 0.8285714285714285
    }
}