{
    "Defender": {
        "MAP@10": 0.9399092751017354,
        "MRR@10": 0.9544011544011545,
        "AP@10": 0.7,
        "R@10": 1.0
    },
    "Forward": {
        "MAP@10": 0.8463628461485606,
        "MRR@10": 0.8867424242424243,
        "AP@10": 0.8,
        "R@10": 1.0
    },
    "Goalkeeper": {
        "MAP@10": 1.0,
        "MRR@10": 1.0,
        "AP@10": 1.0,
        "R@10": 1.0
    },
    "Midfielder": {
        "MAP@10": 0.8066331868759617,
        "MRR@10": 0.8530098831985625,
        "AP@10": 0.9,
        "R@10": 1.0
    }
}