{
    "Defender": {
        "MAP@30": 0.9399092751017354,
        "MRR@30": 0.9544011544011545,
        "AP@30": 0.6666666666666666
    },
    "Forward": {
        "MAP@30": 0.8463628461485606,
        "MRR@30": 0.8867424242424243,
        "AP@30": 0.6
    },
    "Goalkeeper": {
        "MAP@30": 1.0,
        "MRR@30": 1.0,
        "AP@30": 1.0
    },
    "Midfielder": {
        "MAP@30": 0.8066331868759617,
        "MRR@30": 0.8530098831985625,
        "AP@30": 0.9333333333333333
    }
}