{
  "conf_1": {
    "scores": {
      "Center Attacking Midfield": {
        "precision": 0.03225806451612903,
        "recall": 0.038461538461538464,
        "f1-score": 0.03508771929824561,
        "support": 26.0
      },
      "Center Back": {
        "precision": 0.0,
        "recall": 0.0,
        "f1-score": 0.0,
        "support": 10.0
      },
      "Center Defensive Midfield": {
        "precision": 0.0,
        "recall": 0.0,
        "f1-score": 0.0,
        "support": 22.0
      },
      "Center Forward": {
        "precision": 0.0,
        "recall": 0.0,
        "f1-score": 0.0,
        "support": 15.0
      },
      "Center Midfield": {
        "precision": 0.0,
        "recall": 0.0,
        "f1-score": 0.0,
        "support": 1.0
      },
      "Goalkeeper": {
        "precision": 0.6666666666666666,
        "recall": 1.0,
        "f1-score": 0.8,
        "support": 44.0
      },
      "Left Attacking Midfield": {
        "precision": 0.0,
        "recall": 0.0,
        "f1-score": 0.0,
        "support": 4.0
      },
      "Left Back": {
        "precision": 0.16216216216216217,
        "recall": 0.2608695652173913,
        "f1-score": 0.2,
        "support": 23.0
      },
      "Left Center Back": {
        "precision": 0.265625,
        "recall": 0.4722222222222222,
        "f1-score": 0.34,
        "support": 36.0
      },
      "Left Center Forward": {
        "precision": 0.15384615384615385,
        "recall": 0.15384615384615385,
        "f1-score": 0.15384615384615385,
        "support": 13.0
      },
      "Left Center Midfield": {
        "precision": 0.0,
        "recall": 0.0,
        "f1-score": 0.0,
        "support": 28.0
      },
      "Left Defensive Midfield": {
        "precision": 0.11764705882352941,
        "recall": 0.09523809523809523,
        "f1-score": 0.10526315789473684,
        "support": 21.0
      },
      "Left Midfield": {
        "precision": 0.07692307692307693,
        "recall": 0.034482758620689655,
        "f1-score": 0.047619047619047616,
        "support": 29.0
      },
      "Left Wing": {
        "precision": 0.043478260869565216,
        "recall": 0.1,
        "f1-score": 0.06060606060606061,
        "support": 20.0
      },
      "Left Wing Back": {
        "precision": 0.0,
        "recall": 0.0,
        "f1-score": 0.0,
        "support": 9.0
      },
      "Right Attacking Midfield": {
        "precision": 0.0,
        "recall": 0.0,
        "f1-score": 0.0,
        "support": 5.0
      },
      "Right Back": {
        "precision": 0.13043478260869565,
        "recall": 0.2727272727272727,
        "f1-score": 0.17647058823529413,
        "support": 22.0
      },
      "Right Center Back": {
        "precision": 0.3333333333333333,
        "recall": 0.36666666666666664,
        "f1-score": 0.3492063492063492,
        "support": 30.0
      },
      "Right Center Forward": {
        "precision": 0.16666666666666666,
        "recall": 0.1111111111111111,
        "f1-score": 0.13333333333333333,
        "support": 18.0
      },
      "Right Center Midfield": {
        "precision": 0.0847457627118644,
        "recall": 0.19230769230769232,
        "f1-score": 0.11764705882352941,
        "support": 26.0
      },
      "Right Defensive Midfield": {
        "precision": 0.0,
        "recall": 0.0,
        "f1-score": 0.0,
        "support": 16.0
      },
      "Right Midfield": {
        "precision": 0.0,
        "recall": 0.0,
        "f1-score": 0.0,
        "support": 22.0
      },
      "Right Wing": {
        "precision": 0.0,
        "recall": 0.0,
        "f1-score": 0.0,
        "support": 25.0
      },
      "Right Wing Back": {
        "precision": 0.0,
        "recall": 0.0,
        "f1-score": 0.0,
        "support": 6.0
      },
      "accuracy": 0.21019108280254778,
      "macro avg": {
        "precision": 0.0930744578803268,
        "recall": 0.1290805448507847,
        "f1-score": 0.10496164453594796,
        "support": 471.0
      },
      "weighted avg": {
        "precision": 0.14672643412279582,
        "recall": 0.21019108280254778,
        "f1-score": 0.16894532390105343,
        "support": 471.0
      }
    },
    "selected_columns": [
      "touches_in_defending_penalty",
      "touches_in_middle_third",
      "touches_in_attacking_third",
      "touches_in_attacking_penalty",
      "carry_into_attacking_third",
      "carry_into_edge_of_the_box",
      "carry_distance",
      "progressive_carry_total",
      "balls_received",
      "balls_received_successful",
      "up_touches_total",
      "up_touches_in_defending_penalty",
      "up_touches_in_defending_third",
      "up_touches_in_middle_third",
      "up_touches_in_attacking_third",
      "up_carries_total",
      "up_progressive_carry_distance",
      "up_miscontrol_total",
      "up_balls_received",
      "up_balls_received_successful"
    ],
    "n_features": 20
  },
  "conf_2": {
    "scores": {
      "Center Attacking Midfield": {
        "precision": 0.0392156862745098,
        "recall": 0.07692307692307693,
        "f1-score": 0.05194805194805195,
        "support": 26.0
      },
      "Center Back": {
        "precision": 0.0,
        "recall": 0.0,
        "f1-score": 0.0,
        "support": 10.0
      },
      "Center Defensive Midfield": {
        "precision": 0.0,
        "recall": 0.0,
        "f1-score": 0.0,
        "support": 22.0
      },
      "Center Forward": {
        "precision": 0.0,
        "recall": 0.0,
        "f1-score": 0.0,
        "support": 15.0
      },
      "Center Midfield": {
        "precision": 0.0,
        "recall": 0.0,
        "f1-score": 0.0,
        "support": 1.0
      },
      "Goalkeeper": {
        "precision": 0.9565217391304348,
        "recall": 1.0,
        "f1-score": 0.9777777777777777,
        "support": 44.0
      },
      "Left Attacking Midfield": {
        "precision": 0.0,
        "recall": 0.0,
        "f1-score": 0.0,
        "support": 4.0
      },
      "Left Back": {
        "precision": 0.22058823529411764,
        "recall": 0.6521739130434783,
        "f1-score": 0.32967032967032966,
        "support": 23.0
      },
      "Left Center Back": {
        "precision": 0.21348314606741572,
        "recall": 0.5277777777777778,
        "f1-score": 0.304,
        "support": 36.0
      },
      "Left Center Forward": {
        "precision": 0.05128205128205128,
        "recall": 0.15384615384615385,
        "f1-score": 0.07692307692307693,
        "support": 13.0
      },
      "Left Center Midfield": {
        "precision": 0.0,
        "recall": 0.0,
        "f1-score": 0.0,
        "support": 28.0
      },
      "Left Defensive Midfield": {
        "precision": 0.0,
        "recall": 0.0,
        "f1-score": 0.0,
        "support": 21.0
      },
      "Left Midfield": {
        "precision": 0.14285714285714285,
        "recall": 0.1724137931034483,
        "f1-score": 0.15625,
        "support": 29.0
      },
      "Left Wing": {
        "precision": 0.05,
        "recall": 0.05,
        "f1-score": 0.05,
        "support": 20.0
      },
      "Left Wing Back": {
        "precision": 0.0,
        "recall": 0.0,
        "f1-score": 0.0,
        "support": 9.0
      },
      "Right Attacking Midfield": {
        "precision": 0.0,
        "recall": 0.0,
        "f1-score": 0.0,
        "support": 5.0
      },
      "Right Back": {
        "precision": 0.19047619047619047,
        "recall": 0.18181818181818182,
        "f1-score": 0.18604651162790697,
        "support": 22.0
      },
      "Right Center Back": {
        "precision": 0.3684210526315789,
        "recall": 0.23333333333333334,
        "f1-score": 0.2857142857142857,
        "support": 30.0
      },
      "Right Center Forward": {
        "precision": 0.0,
        "recall": 0.0,
        "f1-score": 0.0,
        "support": 18.0
      },
      "Right Center Midfield": {
        "precision": 0.06578947368421052,
        "recall": 0.19230769230769232,
        "f1-score": 0.09803921568627451,