{
  "conf_1": {
    "scores": {
      "Center Attacking Midfield": {
        "precision": 0.018867924528301886,
        "recall": 0.038461538461538464,
        "f1-score": 0.02531645569620253,
        "support": 26.0
      },
      "Center Back": {
        "precision": 0.0,
        "recall": 0.0,
        "f1-score": 0.0,
        "support": 10.0
      },
      "Center Defensive Midfield": {
        "precision": 0.2,
        "recall": 0.045454545454545456,
        "f1-score": 0.07407407407407407,
        "support": 22.0
      },
      "Center Forward": {
        "precision": 0.0,
        "recall": 0.0,
        "f1-score": 0.0,
        "support": 15.0
      },
      "Center Midfield": {
        "precision": 0.0,
        "recall": 0.0,
        "f1-score": 0.0,
        "support": 1.0
      },
      "Goalkeeper": {
        "precision": 0.6567164179104478,
        "recall": 1.0,
        "f1-score": 0.7927927927927928,
        "support": 44.0
      },
      "Left Attacking Midfield": {
        "precision": 0.0,
        "recall": 0.0,
        "f1-score": 0.0,
        "support": 4.0
      },
      "Left Back": {
        "precision": 0.14285714285714285,
        "recall": 0.17391304347826086,
        "f1-score": 0.1568627450980392,
        "support": 23.0
      },
      "Left Center Back": {
        "precision": 0.16666666666666666,
        "recall": 0.3055555555555556,
        "f1-score": 0.21568627450980393,
        "support": 36.0
      },
      "Left Center Forward": {
        "precision": 0.06666666666666667,
        "recall": 0.07692307692307693,
        "f1-score": 0.07142857142857142,
        "support": 13.0
      },
      "Left Center Midfield": {
        "precision": 0.0,
        "recall": 0.0,
        "f1-score": 0.0,
        "support": 28.0
      },
      "Left Defensive Midfield": {
        "precision": 0.2,
        "recall": 0.14285714285714285,
        "f1-score": 0.16666666666666666,
        "support": 21.0
      },
      "Left Midfield": {
        "precision": 0.2222222222222222,
        "recall": 0.06896551724137931,
        "f1-score": 0.10526315789473684,
        "support": 29.0
      },
      "Left Wing": {
        "precision": 0.07894736842105263,
        "recall": 0.15,
        "f1-score": 0.10344827586206896,
        "support": 20.0
      },
      "Left Wing Back": {
        "precision": 0.0,
        "recall": 0.0,
        "f1-score": 0.0,
        "support": 9.0
      },
      "Right Attacking Midfield": {
        "precision": 0.0,
        "recall": 0.0,
        "f1-score": 0.0,
        "support": 5.0
      },
      "Right Back": {
        "precision": 0.22727272727272727,
        "recall": 0.45454545454545453,
        "f1-score": 0.30303030303030304,
        "support": 22.0
      },
      "Right Center Back": {
        "precision": 0.3170731707317073,
        "recall": 0.43333333333333335,
        "f1-score": 0.36619718309859156,
        "support": 30.0
      },
      "Right Center Forward": {
        "precision": 0.14285714285714285,
        "recall": 0.05555555555555555,
        "f1-score": 0.08,
        "support": 18.0
      },
      "Right Center Midfield": {
        "precision": 0.024390243902439025,
        "recall": 0.038461538461538464,
        "f1-score": 0.029850746268656716,
        "support": 26.0
      },
      "Right Defensive Midfield": {
        "precision": 0.14285714285714285,
        "recall": 0.0625,
        "f1-score": 0.08695652173913043,
        "support": 16.0
      },
      "Right Midfield": {
        "precision": 0.0,
        "recall": 0.0,
        "f1-score": 0.0,
        "support": 22.0
      },
      "Right Wing": {
        "precision": 0.125,
        "recall": 0.08,
        "f1-score": 0.0975609756097561,
        "support": 25.0
      },
      "Right Wing Back": {
        "precision": 0.5,
        "recall": 0.16666666666666666,
        "f1-score": 0.25,
        "support": 6.0
      },
      "accuracy": 0.21019108280254778,
      "macro avg": {
        "precision": 0.13468311820390247,
        "recall": 0.13721637368891867,
        "f1-score": 0.12188061432372477,
        "support": 471.0
      },
      "weighted avg": {
        "precision": 0.1747141093664533,
        "recall": 0.21019108280254778,
        "f1-score": 0.1768418008612766,
        "support": 471.0
      }
    },
    "selected_columns": [
      "ball_recovery_successful",
      "ball_recovery_failed",
      "pressure_on_opponent",
      "pressure_on_opponent_defending_third",
      "pressure_on_opponent_middle_third",
      "pressure_on_opponent_attacking_third",
      "counterpressing_opponent_middle_third",
      "counterpressing_attacking_third",
      "shield_total",
      "block_total",
      "block_during_counterpress",
      "clearance_total",
      "clearance_with_head",
      "tackling_won",
      "tackling_in_defending_third",
      "tackling_in_middle_third",
      "tackling_in_attacking_third",
      "fouls_offensive",
      "fouls_yellow_card"
    ],
    "n_features": 19
  },
  "conf_2": {
    "scores": {
      "Center Attacking Midfield": {
        "precision": 0.04838709677419355,
        "recall": 0.11538461538461539,
        "f1-score": 0.06818181818181818,
        "support": 26.0
      },
      "Center Back": {
        "precision": 0.0,
        "recall": 0.0,
        "f1-score": 0.0,
        "support": 10.0
      },
      "Center Defensive Midfield": {
        "precision": 0.0,
        "recall": 0.0,
        "f1-score": 0.0,
        "support": 22.0
      },
      "Center Forward": {
        "precision": 0.0,
        "recall": 0.0,
        "f1-score": 0.0,
        "support": 15.0
      },
      "Center Midfield": {
        "precision": 0.0,
        "recall": 0.0,
        "f1-score": 0.0,
        "support": 1.0
      },
      "Goalkeeper": {
        "precision": 0.9361702127659575,
        "recall": 1.0,
        "f1-score": 0.967032967032967,
        "support": 44.0
      },
      "Left Attacking Midfield": {
        "precision": 0.0,
        "recall": 0.0,
        "f1-score": 0.0,
        "support": 4.0
      },
      "Left Back": {
        "precision": 0.15384615384615385,
        "recall": 0.34782608695652173,
        "f1-score": 0.21333333333333335,
        "support": 23.0
      },
      "Left Center Back": {
        "precision": 0.1875,
        "recall": 0.5,
        "f1-score": 0.2727272727272727,
        "support": 36.0
      },
      "Left Center Forward": {
        "precision": 0.03333333333333333,
        "recall": 0.07692307692307693,
        "f1-score": 0.046511627906976744,
        "support": 13.0
      },
      "Left Center Midfield": {
        "precision": 0.0,
        "recall": 0.0,
        "f1-score": 0.0,
        "support": 28.0
      },
      "Left Defensive Midfield": {
        "precision": 0.0,
        "recall": 0.0,
        "f1-score": 0.0,
        "support": 21.0
      },
      "Left Midfield": {
        "precision": 0.0,
        "recall": 0.0,
        "f1-score": 0.0,
        "support": 29.0
      },
      "Left Wing": {
        "precision": 0.0,
        "recall": 0.0,
        "f1-score": 0.0,
        "support": 20.0
      },
      "Left Wing Back": {
        "precision": 0.0,
        "recall": 0.0,
        "f1-score": 0.0,
        "support": 9.0
      },
      "Right Attacking Midfield": {
        "precision": 0.0,
        "recall": 0.0,
        "f1-score": 0.0,
        "support": 5.0
      },
      "Right Back": {
        "precision": 0.06451612903225806,
        "recall": 0.09090909090909091,
        "f1-score": 0.07547169811320754,
        "support": 22.0
      },
      "Right Center Back": {
        "precision": 0.3333333333333333,
        "recall": 0.3,
        "f1-score": 0.3157894736842105,
        "support": 30.0
      },
      "Right Center Forward": {
        "precision": 0.5,
        "recall": 0.05555555555555555,
        "f1-score": 0.1,
        "support": 18.0
      },
      "Right Center Midfield": {
        "precision": 0.05128205128205128,
        "recall": 0.15384615384615385,