{
  "conf_1": {
    "experiment_name": "absolute_values",
    "scores": {
      "Central Midfielder": {
        "precision": 0.42424242424242425,
        "recall": 0.2,
        "f1-score": 0.27184466019417475,
        "support": 70.0
      },
      "Defensive Midfielder": {
        "precision": 0.65,
        "recall": 0.8125,
        "f1-score": 0.7222222222222222,
        "support": 64.0
      },
      "Goalkeeper": {
        "precision": 0.9487179487179487,
        "recall": 1.0,
        "f1-score": 0.9736842105263158,
        "support": 37.0
      },
      "Offensive Defender": {
        "precision": 0.8125,
        "recall": 0.7647058823529411,
        "f1-score": 0.7878787878787878,
        "support": 85.0
      },
      "Offensive Midfielder": {
        "precision": 0.38095238095238093,
        "recall": 0.32,
        "f1-score": 0.34782608695652173,
        "support": 25.0
      },
      "Regular Defender": {
        "precision": 0.8863636363636364,
        "recall": 0.9629629629629629,
        "f1-score": 0.9230769230769231,
        "support": 81.0
      },
      "Striker": {
        "precision": 0.7887323943661971,
        "recall": 0.9180327868852459,
        "f1-score": 0.8484848484848485,
        "support": 61.0
      },
      "Winger": {
        "precision": 0.4576271186440678,
        "recall": 0.5625,
        "f1-score": 0.5046728971962616,
        "support": 48.0
      },
      "accuracy": 0.7154989384288747,
      "macro avg": {
        "precision": 0.6686419879108318,
        "recall": 0.6925877040251438,
        "f1-score": 0.672461329567007,
        "support": 471.0
      },
      "weighted avg": {
        "precision": 0.6939704365606181,
        "recall": 0.7154989384288747,
        "f1-score": 0.6957412292168265,
        "support": 471.0
      }
    },
    "selected_columns": [
      "ball_recovery_defending_third",
      "ball_recovery_successful_defending_third",
      "ball_recovery_successful_attacking_third",
      "pressure_on_opponent",
      "pressure_on_opponent_defending_third",
      "pressure_on_opponent_middle_third",
      "pressure_on_opponent_attacking_third",
      "counterpressing_opponent_defending_third",
      "counterpressing_attacking_third",
      "block_total",
      "clearance_total",
      "tackling_in_defending_third"
    ],
    "n_features": 12
  },
  "conf_2": {
    "experiment_name": "relative_values",
    "scores": {
      "Central Midfielder": {
        "precision": 0.475,
        "recall": 0.2714285714285714,
        "f1-score": 0.34545454545454546,
        "support": 70.0
      },
      "Defensive Midfielder": {
        "precision": 0.5591397849462365,
        "recall": 0.8125,
        "f1-score": 0.6624203821656051,
        "support": 64.0
      },
      "Goalkeeper": {
        "precision": 0.9473684210526315,
        "recall": 0.972972972972973,
        "f1-score": 0.96,
        "support": 37.0
      },
      "Offensive Defender": {
        "precision": 0.7529411764705882,
        "recall": 0.7529411764705882,
        "f1-score": 0.7529411764705882,
        "support": 85.0
      },
      "Offensive Midfielder": {
        "precision": 0.14285714285714285,
        "recall": 0.08,
        "f1-score": 0.10256410256410256,
        "support": 25.0
      },
      "Regular Defender": {
        "precision": 0.8620689655172413,
        "recall": 0.9259259259259259,
        "f1-score": 0.8928571428571429,
        "support": 81.0
      },
      "Striker": {
        "precision": 0.7571428571428571,
        "recall": 0.8688524590163934,
        "f1-score": 0.8091603053435115,
        "support": 61.0
      },
      "Winger": {
        "precision": 0.5,
        "recall": 0.4583333333333333,
        "f1-score": 0.4782608695652174,
        "support": 48.0
      },
      "accuracy": 0.6857749469214437,
      "macro avg": {
        "precision": 0.6245647934983372,
        "recall": 0.6428693048934732,
        "f1-score": 0.6254573155525891,
        "support": 471.0
      },
      "weighted avg": {
        "precision": 0.6617246430563607,
        "recall": 0.6857749469214437,
        "f1-score": 0.6651752741847827,
        "support": 471.0
      }
    },
    "selected_columns": [
      "ball_recovery_middle_third_%",
      "pressure_on_opponent_defending_third_%",
      "pressure_on_opponent_middle_third_%",
      "pressure_on_opponent_attacking_third_%",
      "counterpressing_opponent_middle_third_%",
      "counterpressing_opponent_attacking_third_%",
      "tackling_in_defending_third_%"
    ],
    "n_features": 7
  },
  "conf_3": {
    "experiment_name": "all_values",
    "scores": {
      "Central Midfielder": {
        "precision": 0.5294117647058824,
        "recall": 0.2571428571428571,
        "f1-score": 0.34615384615384615,
        "support": 70.0
      },
      "Defensive Midfielder": {
        "precision": 0.6179775280898876,
        "recall": 0.859375,
        "f1-score": 0.7189542483660131,
        "support": 64.0
      },
      "Goalkeeper": {
        "precision": 0.9736842105263158,
        "recall": 1.0,
        "f1-score": 0.9866666666666667,
        "support": 37.0
      },
      "Offensive Defender": {
        "precision": 0.8227848101265823,
        "recall": 0.7647058823529411,
        "f1-score": 0.7926829268292683,
        "support": 85.0
      },
      "Offensive Midfielder": {
        "precision": 0.32,
        "recall": 0.32,
        "f1-score": 0.32,
        "support": 25.0
      },
      "Regular Defender": {
        "precision": 0.875,
        "recall": 0.9506172839506173,
        "f1-score": 0.9112426035502958,
        "support": 81.0
      },
      "Striker": {
        "precision": 0.7536231884057971,
        "recall": 0.8524590163934426,
        "f1-score": 0.8,
        "support": 61.0
      },
      "Winger": {
        "precision": 0.4489795918367347,
        "recall": 0.4583333333333333,
        "f1-score": 0.4536082474226804,
        "support": 48.0
      },
      "accuracy": 0.7091295116772823,
      "macro avg": {
        "precision": 0.6676826367113999,
        "recall": 0.6828291716466489,
        "f1-score": 0.6661635673735963,
        "support": 471.0
      },
      "weighted avg": {
        "precision": 0.6984489275548081,
        "recall": 0.7091295116772823,
        "f1-score": 0.693232278847582,
        "support": 471.0
      }
    },
    "selected_columns": [
      "pressure_on_opponent_defending_third",
      "pressure_on_opponent_middle_third",
      "pressure_on_opponent_attacking_third",
      "counterpressing_opponent_defending_third",
      "counterpressing_opponent_middle_third",
      "counterpressing_attacking_third",
      "block_total",
      "clearance_total",
      "clearance_with_head",
      "tackling",
      "tackling_won",
      "tackling_in_defending_third",
      "fouls_in_middle_third",
      "ball_recovery_attacking_third_%",
      "pressure_on_opponent_defending_third_%",
      "pressure_on_opponent_middle_third_%",
      "pressure_on_opponent_attacking_third_%",
      "counterpressing_opponent_middle_third_%",
      "counterpressing_opponent_attacking_third_%",
      "tackling_in_defending_third_%"
    ],
    "n_features": 20
  }
}