{
  "conf_1": {
    "experiment_name": "absolute_values",
    "scores": {
      "Central Midfielder": {
        "precision": 0.5853658536585366,
        "recall": 0.34285714285714286,
        "f1-score": 0.43243243243243246,
        "support": 70.0
      },
      "Defensive Midfielder": {
        "precision": 0.7285714285714285,
        "recall": 0.796875,
        "f1-score": 0.7611940298507462,
        "support": 64.0
      },
      "Goalkeeper": {
        "precision": 1.0,
        "recall": 1.0,
        "f1-score": 1.0,
        "support": 37.0
      },
      "Offensive Defender": {
        "precision": 0.8888888888888888,
        "recall": 0.9411764705882353,
        "f1-score": 0.9142857142857143,
        "support": 85.0
      },
      "Offensive Midfielder": {
        "precision": 0.2916666666666667,
        "recall": 0.28,
        "f1-score": 0.2857142857142857,
        "support": 25.0
      },
      "Regular Defender": {
        "precision": 0.9404761904761905,
        "recall": 0.9753086419753086,
        "f1-score": 0.9575757575757575,
        "support": 81.0
      },
      "Striker": {
        "precision": 0.7808219178082192,
        "recall": 0.9344262295081968,
        "f1-score": 0.8507462686567164,
        "support": 61.0
      },
      "Winger": {
        "precision": 0.5961538461538461,
        "recall": 0.6458333333333334,
        "f1-score": 0.62,
        "support": 48.0
      },
      "accuracy": 0.7770700636942676,
      "macro avg": {
        "precision": 0.7264930990279721,
        "recall": 0.7395596022827771,
        "f1-score": 0.7277435610644565,
        "support": 471.0
      },
      "weighted avg": {
        "precision": 0.7640668714164515,
        "recall": 0.7770700636942676,
        "f1-score": 0.7644649464746431,
        "support": 471.0
      }
    },
    "selected_columns": [
      "touches_total",
      "touches_in_defending_penalty",
      "touches_in_defending_third",
      "touches_in_middle_third",
      "touches_in_attacking_third",
      "touches_in_attacking_penalty",
      "carry_into_attacking_third",
      "progressive_carry_defending_third",
      "progressive_carry_middle_third",
      "progressive_carry_distance_defending_third",
      "progressive_carry_distance_attacking_third",
      "balls_received_in_defending_penalty_area",
      "balls_received_in_defending_third",
      "balls_received_in_middle_third",
      "balls_received_in_attacking_third",
      "balls_received_in_edge_of_the_box",
      "up_touches_in_defending_penalty",
      "up_touches_in_defending_third",
      "up_touches_in_middle_third",
      "up_balls_received_in_middle_third"
    ],
    "n_features": 20
  },
  "conf_2": {
    "experiment_name": "relative_values",
    "scores": {
      "Central Midfielder": {
        "precision": 0.46511627906976744,
        "recall": 0.2857142857142857,
        "f1-score": 0.35398230088495575,
        "support": 70.0
      },
      "Defensive Midfielder": {
        "precision": 0.6329113924050633,
        "recall": 0.78125,
        "f1-score": 0.6993006993006993,
        "support": 64.0
      },
      "Goalkeeper": {
        "precision": 0.9736842105263158,
        "recall": 1.0,
        "f1-score": 0.9866666666666667,
        "support": 37.0
      },
      "Offensive Defender": {
        "precision": 0.9058823529411765,
        "recall": 0.9058823529411765,
        "f1-score": 0.9058823529411765,
        "support": 85.0
      },
      "Offensive Midfielder": {
        "precision": 0.4166666666666667,
        "recall": 0.2,
        "f1-score": 0.2702702702702703,
        "support": 25.0
      },
      "Regular Defender": {
        "precision": 0.9176470588235294,
        "recall": 0.9629629629629629,
        "f1-score": 0.9397590361445783,
        "support": 81.0
      },
      "Striker": {
        "precision": 0.8636363636363636,
        "recall": 0.9344262295081968,
        "f1-score": 0.8976377952755905,
        "support": 61.0
      },
      "Winger": {
        "precision": 0.5555555555555556,
        "recall": 0.7291666666666666,
        "f1-score": 0.6306306306306306,
        "support": 48.0
      },
      "accuracy": 0.7622080679405521,
      "macro avg": {
        "precision": 0.7163874849530548,
        "recall": 0.724925312224161,
        "f1-score": 0.710516219014321,
        "support": 471.0
      },
      "weighted avg": {
        "precision": 0.743493307257195,
        "recall": 0.7622080679405521,
        "f1-score": 0.7451042185783593,
        "support": 471.0
      }
    },
    "selected_columns": [
      "ball_reception_%",
      "touches_in_defending_penalty_%",
      "touches_in_defending_third_%",
      "touches_in_middle_third_%",
      "touches_in_attacking_third_%",
      "touches_in_attacking_penalty_%",
      "progressive_carry_defending_third_%",
      "balls_received_in_defending_penalty_area_%",
      "balls_received_in_defending_third_%",
      "balls_received_in_attacking_third_%",
      "balls_received_in_penalty_area_%",
      "balls_received_in_edge_of_the_box_%"
    ],
    "n_features": 12
  },
  "conf_3": {
    "experiment_name": "all_values",
    "scores": {
      "Central Midfielder": {
        "precision": 0.5208333333333334,
        "recall": 0.35714285714285715,
        "f1-score": 0.423728813559322,
        "support": 70.0
      },
      "Defensive Midfielder": {
        "precision": 0.6710526315789473,
        "recall": 0.796875,
        "f1-score": 0.7285714285714285,
        "support": 64.0
      },
      "Goalkeeper": {
        "precision": 0.9736842105263158,
        "recall": 1.0,
        "f1-score": 0.9866666666666667,
        "support": 37.0
      },
      "Offensive Defender": {
        "precision": 0.9176470588235294,
        "recall": 0.9176470588235294,
        "f1-score": 0.9176470588235294,
        "support": 85.0
      },
      "Offensive Midfielder": {
        "precision": 0.4,
        "recall": 0.16,
        "f1-score": 0.22857142857142856,
        "support": 25.0
      },
      "Regular Defender": {
        "precision": 0.9080459770114943,
        "recall": 0.9753086419753086,
        "f1-score": 0.9404761904761905,
        "support": 81.0
      },
      "Striker": {
        "precision": 0.8529411764705882,
        "recall": 0.9508196721311475,
        "f1-score": 0.8992248062015504,
        "support": 61.0
      },
      "Winger": {
        "precision": 0.576271186440678,
        "recall": 0.7083333333333334,
        "f1-score": 0.6355140186915887,
        "support": 48.0
      },
      "accuracy": 0.7770700636942676,
      "macro avg": {
        "precision": 0.7275594467731108,
        "recall": 0.733265820425772,
        "f1-score": 0.7200500514452131,
        "support": 471.0
      },
      "weighted avg": {
        "precision": 0.7572700008400194,
        "recall": 0.7770700636942676,
        "f1-score": 0.7601836481162179,
        "support": 471.0
      }
    },
    "selected_columns": [
      "touches_in_middle_third",
      "carry_into_attacking_third",
      "progressive_carry_defending_third",
      "balls_received_in_middle_third",
      "balls_received_in_attacking_third",
      "up_touches_in_defending_penalty",
      "up_touches_in_defending_third",
      "up_touches_in_middle_third",
      "up_balls_received_in_middle_third",
      "ball_reception_%",
      "touches_in_defending_third_%",
      "touches_in_middle_third_%",
      "touches_in_attacking_third_%",
      "touches_in_attacking_penalty_%",
      "progressive_carry_defending_third_%",
      "balls_received_in_defending_penalty_area_%",
      "balls_received_in_defending_third_%",
      "balls_received_in_attacking_third_%",
      "balls_received_in_penalty_area_%",
      "balls_received_in_edge_of_the_box_%"
    ],
    "n_features": 20
  }
}