{
  "conf_1": {
    "scores": {
      "Central Midfielder": {
        "precision": 0.30697674418604654,
        "recall": 0.6947368421052632,
        "f1-score": 0.4258064516129032,
        "support": 95.0
      },
      "Defensive Midfielder": {
        "precision": 0.41379310344827586,
        "recall": 0.2033898305084746,
        "f1-score": 0.2727272727272727,
        "support": 59.0
      },
      "Goalkeeper": {
        "precision": 0.8571428571428571,
        "recall": 1.0,
        "f1-score": 0.9230769230769231,
        "support": 36.0
      },
      "Offensive Defender": {
        "precision": 0.5142857142857142,
        "recall": 0.5,
        "f1-score": 0.5070422535211268,
        "support": 72.0
      },
      "Offensive Midfielder": {
        "precision": 0.0,
        "recall": 0.0,
        "f1-score": 0.0,
        "support": 37.0
      },
      "Regular Defender": {
        "precision": 0.6438356164383562,
        "recall": 0.6619718309859155,
        "f1-score": 0.6527777777777778,
        "support": 71.0
      },
      "Striker": {
        "precision": 0.30952380952380953,
        "recall": 0.23214285714285715,
        "f1-score": 0.2653061224489796,
        "support": 56.0
      },
      "Winger": {
        "precision": 0.0,
        "recall": 0.0,
        "f1-score": 0.0,
        "support": 45.0
      },
      "accuracy": 0.445859872611465,
      "macro avg": {
        "precision": 0.38069473062813247,
        "recall": 0.4115301700928138,
        "f1-score": 0.3808421001456229,
        "support": 471.0
      },
      "weighted avg": {
        "precision": 0.3917366458328951,
        "recall": 0.445859872611465,
        "f1-score": 0.3980566848360729,
        "support": 471.0
      }
    },
    "selected_columns": [
      "passes_from_middle_third",
      "passes_from_defending_third",
      "passes_from_the_box",
      "passes_into_attacking_third",
      "passes_within_attacking_third_completed",
      "passes_short_completed",
      "passes_medium_total",
      "passes_shot_assist",
      "passes_switch",
      "passes_cut_back",
      "passes_backward",
      "passes_long_vertical",
      "passes_long_vertical_from_defending_third",
      "passes_long_vertical_from_mid_third",
      "passes_long_vertical_from_mid_third_into_the_box",
      "up_passes_from_middle_third",
      "up_passes_from_defending_third",
      "up_passes_within_attacking_third_completed",
      "up_passes_short_total",
      "up_passes_long_completed"
    ],
    "n_features": 20
  },
  "conf_2": {
    "scores": {
      "Central Midfielder": {
        "precision": 0.3064516129032258,
        "recall": 0.6,
        "f1-score": 0.40569395017793597,
        "support": 95.0
      },
      "Defensive Midfielder": {
        "precision": 0.6666666666666666,
        "recall": 0.03389830508474576,
        "f1-score": 0.06451612903225806,
        "support": 59.0
      },
      "Goalkeeper": {
        "precision": 0.9411764705882353,
        "recall": 0.8888888888888888,
        "f1-score": 0.9142857142857143,
        "support": 36.0
      },
      "Offensive Defender": {
        "precision": 0.4942528735632184,
        "recall": 0.5972222222222222,
        "f1-score": 0.5408805031446541,
        "support": 72.0
      },
      "Offensive Midfielder": {
        "precision": 0.0,
        "recall": 0.0,
        "f1-score": 0.0,
        "support": 37.0
      },
      "Regular Defender": {
        "precision": 0.5092592592592593,
        "recall": 0.7746478873239436,
        "f1-score": 0.6145251396648045,
        "support": 71.0
      },
      "Striker": {
        "precision": 0.34,
        "recall": 0.30357142857142855,
        "f1-score": 0.32075471698113206,
        "support": 56.0
      },
      "Winger": {
        "precision": 0.3333333333333333,
        "recall": 0.022222222222222223,
        "f1-score": 0.041666666666666664,
        "support": 45.0
      },
      "accuracy": 0.4394904458598726,
      "macro avg": {
        "precision": 0.4488925270392423,
        "recall": 0.4025563692891814,
        "f1-score": 0.3627903524941457,
        "support": 471.0
      },
      "weighted avg": {
        "precision": 0.4418518127479308,
        "recall": 0.4394904458598726,
        "f1-score": 0.3772263437105148,
        "support": 471.0
      }
    },
    "selected_columns": [
      "pass_accuracy_%",
      "up_pass_accuracy_%",
      "pass_accuracy_backward_%",
      "pass_horizontal_backward_%",
      "pass_accuaracy_short_%",
      "pass_progressive_lead_to_shot_%",
      "pass_mean_distance_%"
    ],
    "n_features": 7
  }
}