{
  "Central Midfielder": {
    "precision": 0.33984375,
    "recall": 0.44387755102040816,
    "f1-score": 0.38495575221238937,
    "support": 196.0
  },
  "Defensive Midfielder": {
    "precision": 0.3118279569892473,
    "recall": 0.27358490566037735,
    "f1-score": 0.2914572864321608,
    "support": 106.0
  },
  "Goalkeeper": {
    "precision": 0.9625,
    "recall": 1.0,
    "f1-score": 0.9808917197452229,
    "support": 77.0
  },
  "Offensive Defender": {
    "precision": 0.6066666666666667,
    "recall": 0.610738255033557,
    "f1-score": 0.6086956521739131,
    "support": 149.0
  },
  "Offensive Midfielder": {
    "precision": 0.07142857142857142,
    "recall": 0.02702702702702703,
    "f1-score": 0.0392156862745098,
    "support": 74.0
  },
  "Regular Defender": {
    "precision": 0.6797385620915033,
    "recall": 0.7272727272727273,
    "f1-score": 0.7027027027027027,
    "support": 143.0
  },
  "Striker": {
    "precision": 0.265625,
    "recall": 0.3177570093457944,
    "f1-score": 0.28936170212765955,
    "support": 107.0
  },
  "Winger": {
    "precision": 0.18518518518518517,
    "recall": 0.1111111111111111,
    "f1-score": 0.1388888888888889,
    "support": 90.0
  },
  "accuracy": 0.4607218683651805,
  "macro avg": {
    "precision": 0.4278519615451467,
    "recall": 0.43892107330887525,
    "f1-score": 0.4295211738196809,
    "support": 942.0
  },
  "weighted avg": {
    "precision": 0.43709749692745165,
    "recall": 0.4607218683651805,
    "f1-score": 0.44524444138873925,
    "support": 942.0
  }
}