{
  "Central Midfielder": {
    "precision": 0.3018867924528302,
    "recall": 0.40816326530612246,
    "f1-score": 0.3470715835140998,
    "support": 196.0
  },
  "Defensive Midfielder": {
    "precision": 0.2727272727272727,
    "recall": 0.2830188679245283,
    "f1-score": 0.2777777777777778,
    "support": 106.0
  },
  "Goalkeeper": {
    "precision": 0.9615384615384616,
    "recall": 0.974025974025974,
    "f1-score": 0.967741935483871,
    "support": 77.0
  },
  "Offensive Defender": {
    "precision": 0.5973154362416108,
    "recall": 0.5973154362416108,
    "f1-score": 0.5973154362416108,
    "support": 149.0
  },
  "Offensive Midfielder": {
    "precision": 0.15,
    "recall": 0.04054054054054054,
    "f1-score": 0.06382978723404255,
    "support": 74.0
  },
  "Regular Defender": {
    "precision": 0.6071428571428571,
    "recall": 0.7132867132867133,
    "f1-score": 0.6559485530546624,
    "support": 143.0
  },
  "Striker": {
    "precision": 0.3055555555555556,
    "recall": 0.308411214953271,
    "f1-score": 0.30697674418604654,
    "support": 107.0
  },
  "Winger": {
    "precision": 0.13636363636363635,
    "recall": 0.06666666666666667,
    "f1-score": 0.08955223880597014,
    "support": 90.0
  },
  "accuracy": 0.4437367303609342,
  "macro avg": {
    "precision": 0.41656625150277804,
    "recall": 0.4239285848681784,
    "f1-score": 0.41327675703726013,
    "support": 942.0
  },
  "weighted avg": {
    "precision": 0.4182653546251672,
    "recall": 0.4437367303609342,
    "f1-score": 0.4250709812187327,
    "support": 942.0
  }
}