{
  "Central Midfielder": {
    "precision": 0.36,
    "recall": 0.5051020408163265,
    "f1-score": 0.42038216560509556,
    "support": 196.0
  },
  "Defensive Midfielder": {
    "precision": 0.3402061855670103,
    "recall": 0.3113207547169811,
    "f1-score": 0.3251231527093596,
    "support": 106.0
  },
  "Goalkeeper": {
    "precision": 0.9625,
    "recall": 1.0,
    "f1-score": 0.9808917197452229,
    "support": 77.0
  },
  "Offensive Defender": {
    "precision": 0.5849056603773585,
    "recall": 0.6241610738255033,
    "f1-score": 0.6038961038961039,
    "support": 149.0
  },
  "Offensive Midfielder": {
    "precision": 0.0,
    "recall": 0.0,
    "f1-score": 0.0,
    "support": 74.0
  },
  "Regular Defender": {
    "precision": 0.6586826347305389,
    "recall": 0.7692307692307693,
    "f1-score": 0.7096774193548387,
    "support": 143.0
  },
  "Striker": {
    "precision": 0.3233082706766917,
    "recall": 0.40186915887850466,
    "f1-score": 0.35833333333333334,
    "support": 107.0
  },
  "Winger": {
    "precision": 0.21428571428571427,
    "recall": 0.06666666666666667,
    "f1-score": 0.1016949152542373,
    "support": 90.0
  },
  "accuracy": 0.4893842887473461,
  "macro avg": {
    "precision": 0.43048605820466423,
    "recall": 0.45979380801684394,
    "f1-score": 0.4374998512372739,
    "support": 942.0
  },
  "weighted avg": {
    "precision": 0.4415675319330327,
    "recall": 0.4893842887473461,
    "f1-score": 0.4579036311613402,
    "support": 942.0
  }
}