{
  "Central Midfielder": {
    "precision": 0.3284671532846715,
    "recall": 0.45918367346938777,
    "f1-score": 0.3829787234042553,
    "support": 196.0
  },
  "Defensive Midfielder": {
    "precision": 0.3090909090909091,
    "recall": 0.32075471698113206,
    "f1-score": 0.3148148148148148,
    "support": 106.0
  },
  "Goalkeeper": {
    "precision": 0.9625,
    "recall": 1.0,
    "f1-score": 0.9808917197452229,
    "support": 77.0
  },
  "Offensive Defender": {
    "precision": 0.5214723926380368,
    "recall": 0.5704697986577181,
    "f1-score": 0.5448717948717948,
    "support": 149.0
  },
  "Offensive Midfielder": {
    "precision": 0.0,
    "recall": 0.0,
    "f1-score": 0.0,
    "support": 74.0
  },
  "Regular Defender": {
    "precision": 0.6526946107784432,
    "recall": 0.7622377622377622,
    "f1-score": 0.7032258064516129,
    "support": 143.0
  },
  "Striker": {
    "precision": 0.2986111111111111,
    "recall": 0.40186915887850466,
    "f1-score": 0.3426294820717131,
    "support": 107.0
  },
  "Winger": {
    "precision": 0.25,
    "recall": 0.011111111111111112,
    "f1-score": 0.02127659574468085,
    "support": 90.0
  },
  "accuracy": 0.46602972399150744,
  "macro avg": {
    "precision": 0.4153545221128965,
    "recall": 0.44070327766695194,
    "f1-score": 0.4113361171380119,
    "support": 942.0
  },
  "weighted avg": {
    "precision": 0.4211696423998999,
    "recall": 0.46602972399150744,
    "f1-score": 0.42917866086534956,
    "support": 942.0
  }
}