{
  "Defender": {
    "precision": 0.8650306748466258,
    "recall": 0.9038461538461539,
    "f1-score": 0.8840125391849529,
    "support": 312.0
  },
  "Forward": {
    "precision": 0.757847533632287,
    "recall": 0.7544642857142857,
    "f1-score": 0.756152125279642,
    "support": 224.0
  },
  "Goalkeeper": {
    "precision": 0.9746835443037974,
    "recall": 0.9871794871794872,
    "f1-score": 0.9808917197452229,
    "support": 78.0
  },
  "Midfielder": {
    "precision": 0.7898089171974523,
    "recall": 0.7560975609756098,
    "f1-score": 0.7725856697819314,
    "support": 328.0
  },
  "accuracy": 0.8237791932059448,
  "macro avg": {
    "precision": 0.8468426674950407,
    "recall": 0.8503968719288841,
    "f1-score": 0.8484105134979374,
    "support": 942.0
  },
  "weighted avg": {
    "precision": 0.8224310609153292,
    "recall": 0.8237791932059448,
    "f1-score": 0.8228318918438918,
    "support": 942.0
  }
}