{
  "Defender": {
    "precision": 0.9053627760252366,
    "recall": 0.9198717948717948,
    "f1-score": 0.9125596184419714,
    "support": 312.0
  },
  "Forward": {
    "precision": 0.7788018433179723,
    "recall": 0.7544642857142857,
    "f1-score": 0.7664399092970522,
    "support": 224.0
  },
  "Goalkeeper": {
    "precision": 0.975,
    "recall": 1.0,
    "f1-score": 0.9873417721518988,
    "support": 78.0
  },
  "Midfielder": {
    "precision": 0.8079268292682927,
    "recall": 0.8079268292682927,
    "f1-score": 0.8079268292682927,
    "support": 328.0
  },
  "accuracy": 0.8481953290870489,
  "macro avg": {
    "precision": 0.8667728621528754,
    "recall": 0.8705657274635933,
    "f1-score": 0.8685670322898038,
    "support": 942.0
  },
  "weighted avg": {
    "precision": 0.8471070053323776,
    "recall": 0.8481953290870489,
    "f1-score": 0.8475730348877737,
    "support": 942.0
  }
}