{
  "Defender": {
    "precision": 0.8734567901234568,
    "recall": 0.907051282051282,
    "f1-score": 0.889937106918239,
    "support": 312.0
  },
  "Forward": {
    "precision": 0.7892156862745098,
    "recall": 0.71875,
    "f1-score": 0.7523364485981309,
    "support": 224.0
  },
  "Goalkeeper": {
    "precision": 0.9743589743589743,
    "recall": 0.9743589743589743,
    "f1-score": 0.9743589743589743,
    "support": 78.0
  },
  "Midfielder": {
    "precision": 0.7797619047619048,
    "recall": 0.7987804878048781,
    "f1-score": 0.7891566265060241,
    "support": 328.0
  },
  "accuracy": 0.8301486199575372,
  "macro avg": {
    "precision": 0.8541983388797114,
    "recall": 0.8497351860537836,
    "f1-score": 0.8514472890953421,
    "support": 942.0
  },
  "weighted avg": {
    "precision": 0.8291557717684856,
    "recall": 0.8301486199575372,
    "f1-score": 0.8291158336926198,
    "support": 942.0
  }
}