{
  "Defender": {
    "precision": 0.8757763975155279,
    "recall": 0.9038461538461539,
    "f1-score": 0.889589905362776,
    "support": 312.0
  },
  "Forward": {
    "precision": 0.7981651376146789,
    "recall": 0.7767857142857143,
    "f1-score": 0.7873303167420814,
    "support": 224.0
  },
  "Goalkeeper": {
    "precision": 0.975,
    "recall": 1.0,
    "f1-score": 0.9873417721518988,
    "support": 78.0
  },
  "Midfielder": {
    "precision": 0.8012422360248447,
    "recall": 0.7865853658536586,
    "f1-score": 0.7938461538461539,
    "support": 328.0
  },
  "accuracy": 0.8407643312101911,
  "macro avg": {
    "precision": 0.862545942788763,
    "recall": 0.8668043084963817,
    "f1-score": 0.8645270370257275,
    "support": 942.0
  },
  "weighted avg": {
    "precision": 0.8395845862703629,
    "recall": 0.8407643312101911,
    "f1-score": 0.8400299767651794,
    "support": 942.0
  }
}