{
  "Center Attacking Midfield": {
    "precision": 0.041666666666666664,
    "recall": 0.030303030303030304,
    "f1-score": 0.03508771929824561,
    "support": 66.0
  },
  "Center Back": {
    "precision": 0.0,
    "recall": 0.0,
    "f1-score": 0.0,
    "support": 17.0
  },
  "Center Defensive Midfield": {
    "precision": 0.027777777777777776,
    "recall": 0.034482758620689655,
    "f1-score": 0.03076923076923077,
    "support": 29.0
  },
  "Center Forward": {
    "precision": 0.16666666666666666,
    "recall": 0.1891891891891892,
    "f1-score": 0.17721518987341772,
    "support": 37.0
  },
  "Center Midfield": {
    "precision": 0.0,
    "recall": 0.0,
    "f1-score": 0.0,
    "support": 2.0
  },
  "Goalkeeper": {
    "precision": 0.9625,
    "recall": 1.0,
    "f1-score": 0.9808917197452229,
    "support": 77.0
  },
  "Left Attacking Midfield": {
    "precision": 0.0,
    "recall": 0.0,
    "f1-score": 0.0,
    "support": 4.0
  },
  "Left Back": {
    "precision": 0.2413793103448276,
    "recall": 0.2222222222222222,
    "f1-score": 0.23140495867768596,
    "support": 63.0
  },
  "Left Center Back": {
    "precision": 0.24770642201834864,
    "recall": 0.38028169014084506,
    "f1-score": 0.3,
    "support": 71.0
  },
  "Left Center Forward": {
    "precision": 0.23809523809523808,
    "recall": 0.15625,
    "f1-score": 0.18867924528301888,
    "support": 32.0
  },
  "Left Center Midfield": {
    "precision": 0.07894736842105263,
    "recall": 0.05454545454545454,
    "f1-score": 0.06451612903225806,
    "support": 55.0
  },
  "Left Defensive Midfield": {
    "precision": 0.0,
    "recall": 0.0,
    "f1-score": 0.0,
    "support": 39.0
  },
  "Left Midfield": {
    "precision": 0.06779661016949153,
    "recall": 0.09090909090909091,
    "f1-score": 0.07766990291262135,
    "support": 44.0
  },
  "Left Wing": {
    "precision": 0.10344827586206896,
    "recall": 0.15384615384615385,
    "f1-score": 0.12371134020618557,
    "support": 39.0
  },
  "Left Wing Back": {
    "precision": 0.0,
    "recall": 0.0,
    "f1-score": 0.0,
    "support": 12.0
  },
  "Right Attacking Midfield": {
    "precision": 0.0,
    "recall": 0.0,
    "f1-score": 0.0,
    "support": 4.0
  },
  "Right Back": {
    "precision": 0.19444444444444445,
    "recall": 0.35,
    "f1-score": 0.25,
    "support": 60.0
  },
  "Right Center Back": {
    "precision": 0.2898550724637681,
    "recall": 0.36363636363636365,
    "f1-score": 0.3225806451612903,
    "support": 55.0
  },
  "Right Center Forward": {
    "precision": 0.11363636363636363,
    "recall": 0.13157894736842105,
    "f1-score": 0.12195121951219512,
    "support": 38.0
  },
  "Right Center Midfield": {
    "precision": 0.0847457627118644,
    "recall": 0.08620689655172414,
    "f1-score": 0.08547008547008547,
    "support": 58.0
  },
  "Right Defensive Midfield": {
    "precision": 0.09090909090909091,
    "recall": 0.13157894736842105,
    "f1-score": 0.10752688172043011,
    "support": 38.0
  },
  "Right Midfield": {
    "precision": 0.11764705882352941,
    "recall": 0.05405405405405406,
    "f1-score": 0.07407407407407407,
    "support": 37.0
  },
  "Right Wing": {
    "precision": 0.0,
    "recall": 0.0,
    "f1-score": 0.0,
    "support": 51.0
  },
  "Right Wing Back": {
    "precision": 0.0,
    "recall": 0.0,
    "f1-score": 0.0,
    "support": 14.0
  },
  "accuracy": 0.21656050955414013,
  "macro avg": {
    "precision": 0.1278009220421333,
    "recall": 0.14287853328148584,
    "f1-score": 0.13214784757233175,
    "support": 942.0
  },
  "weighted avg": {
    "precision": 0.19135571079001365,
    "recall": 0.21656050955414013,
    "f1-score": 0.19974594902242945,
    "support": 942.0
  }
}