{
  "Center Attacking Midfield": {
    "precision": 0.04918032786885246,
    "recall": 0.045454545454545456,
    "f1-score": 0.047244094488188976,
    "support": 66.0
  },
  "Center Back": {
    "precision": 0.0,
    "recall": 0.0,
    "f1-score": 0.0,
    "support": 17.0
  },
  "Center Defensive Midfield": {
    "precision": 0.06451612903225806,
    "recall": 0.06896551724137931,
    "f1-score": 0.06666666666666667,
    "support": 29.0
  },
  "Center Forward": {
    "precision": 0.13333333333333333,
    "recall": 0.10810810810810811,
    "f1-score": 0.11940298507462686,
    "support": 37.0
  },
  "Center Midfield": {
    "precision": 0.0,
    "recall": 0.0,
    "f1-score": 0.0,
    "support": 2.0
  },
  "Goalkeeper": {
    "precision": 0.9625,
    "recall": 1.0,
    "f1-score": 0.9808917197452229,
    "support": 77.0
  },
  "Left Attacking Midfield": {
    "precision": 0.0,
    "recall": 0.0,
    "f1-score": 0.0,
    "support": 4.0
  },
  "Left Back": {
    "precision": 0.3,
    "recall": 0.38095238095238093,
    "f1-score": 0.3356643356643357,
    "support": 63.0
  },
  "Left Center Back": {
    "precision": 0.25316455696202533,
    "recall": 0.28169014084507044,
    "f1-score": 0.26666666666666666,
    "support": 71.0
  },
  "Left Center Forward": {
    "precision": 0.1875,
    "recall": 0.28125,
    "f1-score": 0.225,
    "support": 32.0
  },
  "Left Center Midfield": {
    "precision": 0.0784313725490196,
    "recall": 0.07272727272727272,
    "f1-score": 0.07547169811320754,
    "support": 55.0
  },
  "Left Defensive Midfield": {
    "precision": 0.10638297872340426,
    "recall": 0.1282051282051282,
    "f1-score": 0.11627906976744186,
    "support": 39.0
  },
  "Left Midfield": {
    "precision": 0.06818181818181818,
    "recall": 0.06818181818181818,
    "f1-score": 0.06818181818181818,
    "support": 44.0
  },
  "Left Wing": {
    "precision": 0.09302325581395349,
    "recall": 0.10256410256410256,
    "f1-score": 0.0975609756097561,
    "support": 39.0
  },
  "Left Wing Back": {
    "precision": 0.0,
    "recall": 0.0,
    "f1-score": 0.0,
    "support": 12.0
  },
  "Right Attacking Midfield": {
    "precision": 0.0,
    "recall": 0.0,
    "f1-score": 0.0,
    "support": 4.0
  },
  "Right Back": {
    "precision": 0.28205128205128205,
    "recall": 0.36666666666666664,
    "f1-score": 0.3188405797101449,
    "support": 60.0
  },
  "Right Center Back": {
    "precision": 0.32608695652173914,
    "recall": 0.5454545454545454,
    "f1-score": 0.40816326530612246,
    "support": 55.0
  },
  "Right Center Forward": {
    "precision": 0.15,
    "recall": 0.15789473684210525,
    "f1-score": 0.15384615384615385,
    "support": 38.0
  },
  "Right Center Midfield": {
    "precision": 0.1206896551724138,
    "recall": 0.1206896551724138,
    "f1-score": 0.1206896551724138,
    "support": 58.0
  },
  "Right Defensive Midfield": {
    "precision": 0.06451612903225806,
    "recall": 0.05263157894736842,
    "f1-score": 0.057971014492753624,
    "support": 38.0
  },
  "Right Midfield": {
    "precision": 0.07692307692307693,
    "recall": 0.05405405405405406,
    "f1-score": 0.06349206349206349,
    "support": 37.0
  },
  "Right Wing": {
    "precision": 0.0,
    "recall": 0.0,
    "f1-score": 0.0,
    "support": 51.0
  },
  "Right Wing Back": {
    "precision": 0.3333333333333333,
    "recall": 0.07142857142857142,
    "f1-score": 0.11764705882352941,
    "support": 14.0
  },
  "accuracy": 0.23885350318471338,
  "macro avg": {
    "precision": 0.152075591895782,
    "recall": 0.16278828428523043,
    "f1-score": 0.1516533258675464,
    "support": 942.0
  },
  "weighted avg": {
    "precision": 0.21194293826315158,
    "recall": 0.23885350318471338,
    "f1-score": 0.22122467094254827,
    "support": 942.0
  }
}