{
  "Center Attacking Midfield": {
    "precision": 0.11627906976744186,
    "recall": 0.07575757575757576,
    "f1-score": 0.09174311926605505,
    "support": 66.0
  },
  "Center Back": {
    "precision": 0.0,
    "recall": 0.0,
    "f1-score": 0.0,
    "support": 17.0
  },
  "Center Defensive Midfield": {
    "precision": 0.0,
    "recall": 0.0,
    "f1-score": 0.0,
    "support": 29.0
  },
  "Center Forward": {
    "precision": 0.07894736842105263,
    "recall": 0.08108108108108109,
    "f1-score": 0.08,
    "support": 37.0
  },
  "Center Midfield": {
    "precision": 0.0,
    "recall": 0.0,
    "f1-score": 0.0,
    "support": 2.0
  },
  "Goalkeeper": {
    "precision": 0.9625,
    "recall": 1.0,
    "f1-score": 0.9808917197452229,
    "support": 77.0
  },
  "Left Attacking Midfield": {
    "precision": 0.0,
    "recall": 0.0,
    "f1-score": 0.0,
    "support": 4.0
  },
  "Left Back": {
    "precision": 0.375,
    "recall": 0.42857142857142855,
    "f1-score": 0.4,
    "support": 63.0
  },
  "Left Center Back": {
    "precision": 0.2826086956521739,
    "recall": 0.36619718309859156,
    "f1-score": 0.31901840490797545,
    "support": 71.0
  },
  "Left Center Forward": {
    "precision": 0.125,
    "recall": 0.1875,
    "f1-score": 0.15,
    "support": 32.0
  },
  "Left Center Midfield": {
    "precision": 0.1111111111111111,
    "recall": 0.07272727272727272,
    "f1-score": 0.08791208791208792,
    "support": 55.0
  },
  "Left Defensive Midfield": {
    "precision": 0.12,
    "recall": 0.15384615384615385,
    "f1-score": 0.1348314606741573,
    "support": 39.0
  },
  "Left Midfield": {
    "precision": 0.07407407407407407,
    "recall": 0.09090909090909091,
    "f1-score": 0.08163265306122448,
    "support": 44.0
  },
  "Left Wing": {
    "precision": 0.08333333333333333,
    "recall": 0.1282051282051282,
    "f1-score": 0.10101010101010101,
    "support": 39.0
  },
  "Left Wing Back": {
    "precision": 0.0,
    "recall": 0.0,
    "f1-score": 0.0,
    "support": 12.0
  },
  "Right Attacking Midfield": {
    "precision": 0.0,
    "recall": 0.0,
    "f1-score": 0.0,
    "support": 4.0
  },
  "Right Back": {
    "precision": 0.26666666666666666,
    "recall": 0.3333333333333333,
    "f1-score": 0.2962962962962963,
    "support": 60.0
  },
  "Right Center Back": {
    "precision": 0.28205128205128205,
    "recall": 0.4,
    "f1-score": 0.3308270676691729,
    "support": 55.0
  },
  "Right Center Forward": {
    "precision": 0.16666666666666666,
    "recall": 0.15789473684210525,
    "f1-score": 0.16216216216216217,
    "support": 38.0
  },
  "Right Center Midfield": {
    "precision": 0.1,
    "recall": 0.1206896551724138,
    "f1-score": 0.109375,
    "support": 58.0
  },
  "Right Defensive Midfield": {
    "precision": 0.125,
    "recall": 0.07894736842105263,
    "f1-score": 0.0967741935483871,
    "support": 38.0
  },
  "Right Midfield": {
    "precision": 0.0,
    "recall": 0.0,
    "f1-score": 0.0,
    "support": 37.0
  },
  "Right Wing": {
    "precision": 0.15789473684210525,
    "recall": 0.058823529411764705,
    "f1-score": 0.08571428571428572,
    "support": 51.0
  },
  "Right Wing Back": {
    "precision": 0.0,
    "recall": 0.0,
    "f1-score": 0.0,
    "support": 14.0
  },
  "accuracy": 0.23779193205944799,
  "macro avg": {
    "precision": 0.14279720852441283,
    "recall": 0.15560348072404134,
    "f1-score": 0.14617452299863035,
    "support": 942.0
  },
  "weighted avg": {
    "precision": 0.218840068389603,
    "recall": 0.23779193205944799,
    "f1-score": 0.22435972834815776,
    "support": 942.0
  }
}