{
  "Center Attacking Midfield": {
    "precision": 0.11864406779661017,
    "recall": 0.10606060606060606,
    "f1-score": 0.112,
    "support": 66.0
  },
  "Center Back": {
    "precision": 0.16666666666666666,
    "recall": 0.058823529411764705,
    "f1-score": 0.08695652173913043,
    "support": 17.0
  },
  "Center Defensive Midfield": {
    "precision": 0.06451612903225806,
    "recall": 0.06896551724137931,
    "f1-score": 0.06666666666666667,
    "support": 29.0
  },
  "Center Forward": {
    "precision": 0.06896551724137931,
    "recall": 0.05405405405405406,
    "f1-score": 0.06060606060606061,
    "support": 37.0
  },
  "Center Midfield": {
    "precision": 0.0,
    "recall": 0.0,
    "f1-score": 0.0,
    "support": 2.0
  },
  "Goalkeeper": {
    "precision": 0.9620253164556962,
    "recall": 0.987012987012987,
    "f1-score": 0.9743589743589743,
    "support": 77.0
  },
  "Left Attacking Midfield": {
    "precision": 0.0,
    "recall": 0.0,
    "f1-score": 0.0,
    "support": 4.0
  },
  "Left Back": {
    "precision": 0.3090909090909091,
    "recall": 0.2698412698412698,
    "f1-score": 0.288135593220339,
    "support": 63.0
  },
  "Left Center Back": {
    "precision": 0.1935483870967742,
    "recall": 0.2535211267605634,
    "f1-score": 0.21951219512195122,
    "support": 71.0
  },
  "Left Center Forward": {
    "precision": 0.0,
    "recall": 0.0,
    "f1-score": 0.0,
    "support": 32.0
  },
  "Left Center Midfield": {
    "precision": 0.1891891891891892,
    "recall": 0.12727272727272726,
    "f1-score": 0.15217391304347827,
    "support": 55.0
  },
  "Left Defensive Midfield": {
    "precision": 0.041666666666666664,
    "recall": 0.05128205128205128,
    "f1-score": 0.04597701149425287,
    "support": 39.0
  },
  "Left Midfield": {
    "precision": 0.08333333333333333,
    "recall": 0.09090909090909091,
    "f1-score": 0.08695652173913043,
    "support": 44.0
  },
  "Left Wing": {
    "precision": 0.175,
    "recall": 0.1794871794871795,
    "f1-score": 0.17721518987341772,
    "support": 39.0
  },
  "Left Wing Back": {
    "precision": 0.0,
    "recall": 0.0,
    "f1-score": 0.0,
    "support": 12.0
  },
  "Right Attacking Midfield": {
    "precision": 0.0,
    "recall": 0.0,
    "f1-score": 0.0,
    "support": 4.0
  },
  "Right Back": {
    "precision": 0.25,
    "recall": 0.26666666666666666,
    "f1-score": 0.25806451612903225,
    "support": 60.0
  },
  "Right Center Back": {
    "precision": 0.27941176470588236,
    "recall": 0.34545454545454546,
    "f1-score": 0.3089430894308943,
    "support": 55.0
  },
  "Right Center Forward": {
    "precision": 0.12121212121212122,
    "recall": 0.10526315789473684,
    "f1-score": 0.11267605633802817,
    "support": 38.0
  },
  "Right Center Midfield": {
    "precision": 0.0945945945945946,
    "recall": 0.1206896551724138,
    "f1-score": 0.10606060606060606,
    "support": 58.0
  },
  "Right Defensive Midfield": {
    "precision": 0.10810810810810811,
    "recall": 0.10526315789473684,
    "f1-score": 0.10666666666666667,
    "support": 38.0
  },
  "Right Midfield": {
    "precision": 0.08823529411764706,
    "recall": 0.08108108108108109,
    "f1-score": 0.08450704225352113,
    "support": 37.0
  },
  "Right Wing": {
    "precision": 0.1320754716981132,
    "recall": 0.13725490196078433,
    "f1-score": 0.1346153846153846,
    "support": 51.0
  },
  "Right Wing Back": {
    "precision": 0.23076923076923078,
    "recall": 0.21428571428571427,
    "f1-score": 0.2222222222222222,
    "support": 14.0
  },
  "accuracy": 0.21868365180467092,
  "macro avg": {
    "precision": 0.1532105319906325,
    "recall": 0.1509662091560147,
    "f1-score": 0.15017975964915656,
    "support": 942.0
  },
  "weighted avg": {
    "precision": 0.21517924024706975,
    "recall": 0.21868365180467092,
    "f1-score": 0.2152603519392427,
    "support": 942.0
  }
}