{
  "Center Attacking Midfield": {
    "precision": 0.037037037037037035,
    "recall": 0.030303030303030304,
    "f1-score": 0.03333333333333333,
    "support": 66.0
  },
  "Center Back": {
    "precision": 0.0,
    "recall": 0.0,
    "f1-score": 0.0,
    "support": 17.0
  },
  "Center Defensive Midfield": {
    "precision": 0.0,
    "recall": 0.0,
    "f1-score": 0.0,
    "support": 29.0
  },
  "Center Forward": {
    "precision": 0.15151515151515152,
    "recall": 0.13513513513513514,
    "f1-score": 0.14285714285714285,
    "support": 37.0
  },
  "Center Midfield": {
    "precision": 0.0,
    "recall": 0.0,
    "f1-score": 0.0,
    "support": 2.0
  },
  "Goalkeeper": {
    "precision": 0.974025974025974,
    "recall": 0.974025974025974,
    "f1-score": 0.974025974025974,
    "support": 77.0
  },
  "Left Attacking Midfield": {
    "precision": 0.0,
    "recall": 0.0,
    "f1-score": 0.0,
    "support": 4.0
  },
  "Left Back": {
    "precision": 0.43103448275862066,
    "recall": 0.3968253968253968,
    "f1-score": 0.4132231404958678,
    "support": 63.0
  },
  "Left Center Back": {
    "precision": 0.24285714285714285,
    "recall": 0.23943661971830985,
    "f1-score": 0.24113475177304963,
    "support": 71.0
  },
  "Left Center Forward": {
    "precision": 0.11538461538461539,
    "recall": 0.09375,
    "f1-score": 0.10344827586206896,
    "support": 32.0
  },
  "Left Center Midfield": {
    "precision": 0.08,
    "recall": 0.07272727272727272,
    "f1-score": 0.0761904761904762,
    "support": 55.0
  },
  "Left Defensive Midfield": {
    "precision": 0.09523809523809523,
    "recall": 0.10256410256410256,
    "f1-score": 0.09876543209876543,
    "support": 39.0
  },
  "Left Midfield": {
    "precision": 0.019230769230769232,
    "recall": 0.022727272727272728,
    "f1-score": 0.020833333333333332,
    "support": 44.0
  },
  "Left Wing": {
    "precision": 0.028985507246376812,
    "recall": 0.05128205128205128,
    "f1-score": 0.037037037037037035,
    "support": 39.0
  },
  "Left Wing Back": {
    "precision": 0.0,
    "recall": 0.0,
    "f1-score": 0.0,
    "support": 12.0
  },
  "Right Attacking Midfield": {
    "precision": 0.0,
    "recall": 0.0,
    "f1-score": 0.0,
    "support": 4.0
  },
  "Right Back": {
    "precision": 0.2898550724637681,
    "recall": 0.3333333333333333,
    "f1-score": 0.31007751937984496,
    "support": 60.0
  },
  "Right Center Back": {
    "precision": 0.18243243243243243,
    "recall": 0.4909090909090909,
    "f1-score": 0.2660098522167488,
    "support": 55.0
  },
  "Right Center Forward": {
    "precision": 0.07407407407407407,
    "recall": 0.05263157894736842,
    "f1-score": 0.06153846153846154,
    "support": 38.0
  },
  "Right Center Midfield": {
    "precision": 0.09230769230769231,
    "recall": 0.10344827586206896,
    "f1-score": 0.0975609756097561,
    "support": 58.0
  },
  "Right Defensive Midfield": {
    "precision": 0.08333333333333333,
    "recall": 0.05263157894736842,
    "f1-score": 0.06451612903225806,
    "support": 38.0
  },
  "Right Midfield": {
    "precision": 0.12,
    "recall": 0.08108108108108109,
    "f1-score": 0.0967741935483871,
    "support": 37.0
  },
  "Right Wing": {
    "precision": 0.0,
    "recall": 0.0,
    "f1-score": 0.0,
    "support": 51.0
  },
  "Right Wing Back": {
    "precision": 0.0,
    "recall": 0.0,
    "f1-score": 0.0,
    "support": 14.0
  },
  "accuracy": 0.21019108280254778,
  "macro avg": {
    "precision": 0.12572130749604513,
    "recall": 0.13470049143286902,
    "f1-score": 0.12655525118052105,
    "support": 942.0
  },
  "weighted avg": {
    "precision": 0.19578782633699443,
    "recall": 0.21019108280254778,
    "f1-score": 0.19810782666339835,
    "support": 942.0
  }
}