{
  "Center Attacking Midfield": {
    "precision": 0.04819277108433735,
    "recall": 0.06060606060606061,
    "f1-score": 0.053691275167785234,
    "support": 66.0
  },
  "Center Back": {
    "precision": 0.3333333333333333,
    "recall": 0.058823529411764705,
    "f1-score": 0.1,
    "support": 17.0
  },
  "Center Defensive Midfield": {
    "precision": 0.0,
    "recall": 0.0,
    "f1-score": 0.0,
    "support": 29.0
  },
  "Center Forward": {
    "precision": 0.03571428571428571,
    "recall": 0.02702702702702703,
    "f1-score": 0.03076923076923077,
    "support": 37.0
  },
  "Center Midfield": {
    "precision": 0.0,
    "recall": 0.0,
    "f1-score": 0.0,
    "support": 2.0
  },
  "Goalkeeper": {
    "precision": 0.9620253164556962,
    "recall": 0.987012987012987,
    "f1-score": 0.9743589743589743,
    "support": 77.0
  },
  "Left Attacking Midfield": {
    "precision": 0.0,
    "recall": 0.0,
    "f1-score": 0.0,
    "support": 4.0
  },
  "Left Back": {
    "precision": 0.2903225806451613,
    "recall": 0.2857142857142857,
    "f1-score": 0.288,
    "support": 63.0
  },
  "Left Center Back": {
    "precision": 0.22580645161290322,
    "recall": 0.29577464788732394,
    "f1-score": 0.25609756097560976,
    "support": 71.0
  },
  "Left Center Forward": {
    "precision": 0.125,
    "recall": 0.125,
    "f1-score": 0.125,
    "support": 32.0
  },
  "Left Center Midfield": {
    "precision": 0.07692307692307693,
    "recall": 0.05454545454545454,
    "f1-score": 0.06382978723404255,
    "support": 55.0
  },
  "Left Defensive Midfield": {
    "precision": 0.125,
    "recall": 0.15384615384615385,
    "f1-score": 0.13793103448275862,
    "support": 39.0
  },
  "Left Midfield": {
    "precision": 0.06666666666666667,
    "recall": 0.06818181818181818,
    "f1-score": 0.06741573033707865,
    "support": 44.0
  },
  "Left Wing": {
    "precision": 0.041666666666666664,
    "recall": 0.05128205128205128,
    "f1-score": 0.04597701149425287,
    "support": 39.0
  },
  "Left Wing Back": {
    "precision": 0.0,
    "recall": 0.0,
    "f1-score": 0.0,
    "support": 12.0
  },
  "Right Attacking Midfield": {
    "precision": 0.0,
    "recall": 0.0,
    "f1-score": 0.0,
    "support": 4.0
  },
  "Right Back": {
    "precision": 0.29508196721311475,
    "recall": 0.3,
    "f1-score": 0.2975206611570248,
    "support": 60.0
  },
  "Right Center Back": {
    "precision": 0.28,
    "recall": 0.38181818181818183,
    "f1-score": 0.3230769230769231,
    "support": 55.0
  },
  "Right Center Forward": {
    "precision": 0.075,
    "recall": 0.07894736842105263,
    "f1-score": 0.07692307692307693,
    "support": 38.0
  },
  "Right Center Midfield": {
    "precision": 0.09433962264150944,
    "recall": 0.08620689655172414,
    "f1-score": 0.09009009009009009,
    "support": 58.0
  },
  "Right Defensive Midfield": {
    "precision": 0.08108108108108109,
    "recall": 0.07894736842105263,
    "f1-score": 0.08,
    "support": 38.0
  },
  "Right Midfield": {
    "precision": 0.16129032258064516,
    "recall": 0.13513513513513514,
    "f1-score": 0.14705882352941177,
    "support": 37.0
  },
  "Right Wing": {
    "precision": 0.15384615384615385,
    "recall": 0.0784313725490196,
    "f1-score": 0.1038961038961039,
    "support": 51.0
  },
  "Right Wing Back": {
    "precision": 0.14285714285714285,
    "recall": 0.07142857142857142,
    "f1-score": 0.09523809523809523,
    "support": 14.0
  },
  "accuracy": 0.21125265392781317,
  "macro avg": {
    "precision": 0.15058947663840727,
    "recall": 0.14078037124331935,
    "f1-score": 0.13986976578043578,
    "support": 942.0
  },
  "weighted avg": {
    "precision": 0.2086550357905809,
    "recall": 0.21125265392781317,
    "f1-score": 0.20622715654971252,
    "support": 942.0
  }
}