{
  "conf_1": {
    "experiment_name": "absolute_values",
    "scores": {
      "Defender": {
        "precision": 0.6569767441860465,
        "recall": 0.6848484848484848,
        "f1-score": 0.6706231454005934,
        "support": 165.0
      },
      "Forward": {
        "precision": 0.6857142857142857,
        "recall": 0.6545454545454545,
        "f1-score": 0.6697674418604651,
        "support": 110.0
      },
      "Goalkeeper": {
        "precision": 0.5606060606060606,
        "recall": 1.0,
        "f1-score": 0.7184466019417476,
        "support": 37.0
      },
      "Midfielder": {
        "precision": 0.609375,
        "recall": 0.49056603773584906,
        "f1-score": 0.5435540069686411,
        "support": 159.0
      },
      "accuracy": 0.6369426751592356,
      "macro avg": {
        "precision": 0.6281680226265982,
        "recall": 0.7074899942824471,
        "f1-score": 0.6505977990428619,
        "support": 471.0
      },
      "weighted avg": {
        "precision": 0.6400483725301345,
        "recall": 0.6369426751592356,
        "f1-score": 0.6312841804153029,
        "support": 471.0
      }
    },
    "selected_columns": [
      "goals_penalty",
      "goals_in_penalty_area",
      "shots_on_target",
      "shots_from_freekick",
      "shots_on_target_right_foot",
      "shots_with_first_touch",
      "shots_in_penalty_area",
      "shots_in_attacking_third",
      "shots_mid_distance",
      "shots_short_distance",
      "shots_avg_distance",
      "xG",
      "up_shots_on_target",
      "up_shots_on_target_right_foot",
      "up_shots_in_penalty_area",
      "up_shots_short_distance"
    ],
    "n_features": 16
  },
  "conf_2": {
    "experiment_name": "relative_values",
    "scores": {
      "Defender": {
        "precision": 0.6153846153846154,
        "recall": 0.5818181818181818,
        "f1-score": 0.5981308411214953,
        "support": 165.0
      },
      "Forward": {
        "precision": 0.5609756097560976,
        "recall": 0.6272727272727273,
        "f1-score": 0.592274678111588,
        "support": 110.0
      },
      "Goalkeeper": {
        "precision": 0.6727272727272727,
        "recall": 1.0,
        "f1-score": 0.8043478260869565,
        "support": 37.0
      },
      "Midfielder": {
        "precision": 0.5255474452554745,
        "recall": 0.4528301886792453,
        "f1-score": 0.4864864864864865,
        "support": 159.0
      },
      "accuracy": 0.5817409766454352,
      "macro avg": {
        "precision": 0.5936587357808651,
        "recall": 0.6654802744425385,
        "f1-score": 0.6203099579516316,
        "support": 471.0
      },
      "weighted avg": {
        "precision": 0.5768550562593668,
        "recall": 0.5817409766454352,
        "f1-score": 0.5752739369297031,
        "support": 471.0
      }
    },
    "selected_columns": [
      "shots_on_target_%",
      "shots_outside_the_box_%",
      "shots_long_distance_%",
      "shots_mid_distance_%",
      "shots_short_distance_%",
      "shots_avg_distance_%",
      "goals_outside_penalty_area_%",
      "goals_long_distance_%",
      "goals_mid_distance_%",
      "goals_short_distance_%",
      "goals_avg_distance_%"
    ],
    "n_features": 11
  },
  "conf_3": {
    "experiment_name": "all_values",
    "scores": {
      "Defender": {
        "precision": 0.625,
        "recall": 0.6666666666666666,
        "f1-score": 0.6451612903225806,
        "support": 165.0
      },
      "Forward": {
        "precision": 0.6818181818181818,
        "recall": 0.6818181818181818,
        "f1-score": 0.6818181818181818,
        "support": 110.0
      },
      "Goalkeeper": {
        "precision": 0.6727272727272727,
        "recall": 1.0,
        "f1-score": 0.8043478260869565,
        "support": 37.0
      },
      "Midfielder": {
        "precision": 0.6,
        "recall": 0.49056603773584906,
        "f1-score": 0.5397923875432526,
        "support": 159.0
      },
      "accuracy": 0.6369426751592356,
      "macro avg": {
        "precision": 0.6448863636363636,
        "recall": 0.7097627215551744,
        "f1-score": 0.6677799214427429,
        "support": 471.0
      },
      "weighted avg": {
        "precision": 0.633579424821463,
        "recall": 0.6369426751592356,
        "f1-score": 0.6306570532650113,
        "support": 471.0
      }
    },
    "selected_columns": [
      "goals_penalty",
      "goals_left_foot",
      "goals_with_first_touch",
      "goals_in_penalty_area",
      "shots_on_target",
      "shots_from_freekick",
      "shots_on_target_right_foot",
      "shots_with_first_touch",
      "shots_in_penalty_area",
      "shots_avg_distance",
      "xG",
      "up_shots_on_target_left_foot",
      "up_shots_on_target_right_foot",
      "up_shots_with_first_touch",
      "up_shots_in_penalty_area",
      "up_shots_short_distance",
      "shots_on_target_%",
      "shots_outside_the_box_%",
      "shots_long_distance_%",
      "shots_avg_distance_%"
    ],
    "n_features": 20
  }
}