{
  "conf_1": {
    "experiment_name": "absolute_values",
    "scores": {
      "Defender": {
        "precision": 0.9476744186046512,
        "recall": 0.9878787878787879,
        "f1-score": 0.9673590504451038,
        "support": 165.0
      },
      "Forward": {
        "precision": 0.7723577235772358,
        "recall": 0.8636363636363636,
        "f1-score": 0.8154506437768241,
        "support": 110.0
      },
      "Goalkeeper": {
        "precision": 1.0,
        "recall": 0.972972972972973,
        "f1-score": 0.9863013698630136,
        "support": 37.0
      },
      "Midfielder": {
        "precision": 0.8928571428571429,
        "recall": 0.7861635220125787,
        "f1-score": 0.8361204013377926,
        "support": 159.0
      },
      "accuracy": 0.8895966029723992,
      "macro avg": {
        "precision": 0.9032223212597574,
        "recall": 0.9026629116251758,
        "f1-score": 0.9013078663556835,
        "support": 471.0
      },
      "weighted avg": {
        "precision": 0.8923352746869407,
        "recall": 0.8895966029723992,
        "f1-score": 0.8890660480605802,
        "support": 471.0
      }
    },
    "selected_columns": [
      "touches_in_defending_penalty",
      "touches_in_defending_third",
      "touches_in_middle_third",
      "carry_into_attacking_third",
      "carry_distance",
      "progressive_carry_attacking_third",
      "balls_received",
      "balls_received_in_defending_penalty_area",
      "balls_received_in_attacking_third",
      "balls_received_in_edge_of_the_box",
      "up_touches_in_defending_penalty",
      "up_touches_in_defending_third",
      "up_touches_in_middle_third",
      "up_touches_in_attacking_third",
      "up_touches_in_attacking_penalty",
      "up_carry_distance",
      "up_progressive_carry_defending_third",
      "up_progressive_carry_distance_defending_third",
      "up_balls_received_in_defending_penalty_area",
      "up_balls_received_in_middle_third"
    ],
    "n_features": 20
  },
  "conf_2": {
    "experiment_name": "relative_values",
    "scores": {
      "Defender": {
        "precision": 0.9457831325301205,
        "recall": 0.9515151515151515,
        "f1-score": 0.9486404833836858,
        "support": 165.0
      },
      "Forward": {
        "precision": 0.7751937984496124,
        "recall": 0.9090909090909091,
        "f1-score": 0.8368200836820083,
        "support": 110.0
      },
      "Goalkeeper": {
        "precision": 1.0,
        "recall": 0.972972972972973,
        "f1-score": 0.9863013698630136,
        "support": 37.0
      },
      "Midfielder": {
        "precision": 0.8785714285714286,
        "recall": 0.7735849056603774,
        "f1-score": 0.822742474916388,
        "support": 159.0
      },
      "accuracy": 0.8832271762208068,
      "macro avg": {
        "precision": 0.8998870898877903,
        "recall": 0.9017909848098528,
        "f1-score": 0.8986261029612739,
        "support": 471.0
      },
      "weighted avg": {
        "precision": 0.8875125092139796,
        "recall": 0.8832271762208068,
        "f1-score": 0.8829832126538562,
        "support": 471.0
      }
    },
    "selected_columns": [
      "ball_reception_%",
      "touches_in_defending_penalty_%",
      "touches_in_defending_third_%",
      "touches_in_middle_third_%",
      "touches_in_attacking_third_%",
      "touches_in_attacking_penalty_%",
      "progressive_carry_defending_third_%",
      "balls_received_in_defending_penalty_area_%",
      "balls_received_in_attacking_third_%",
      "balls_received_in_penalty_area_%",
      "balls_received_in_edge_of_the_box_%"
    ],
    "n_features": 11
  },
  "conf_3": {
    "experiment_name": "all_values",
    "scores": {
      "Defender": {
        "precision": 0.9418604651162791,
        "recall": 0.9818181818181818,
        "f1-score": 0.9614243323442137,
        "support": 165.0
      },
      "Forward": {
        "precision": 0.782258064516129,
        "recall": 0.8818181818181818,
        "f1-score": 0.8290598290598291,
        "support": 110.0
      },
      "Goalkeeper": {
        "precision": 1.0,
        "recall": 0.972972972972973,
        "f1-score": 0.9863013698630136,
        "support": 37.0
      },
      "Midfielder": {
        "precision": 0.8920863309352518,
        "recall": 0.779874213836478,
        "f1-score": 0.8322147651006712,
        "support": 159.0
      },
      "accuracy": 0.8895966029723992,
      "macro avg": {
        "precision": 0.9040512151419149,
        "recall": 0.9041208876114537,
        "f1-score": 0.9022500740919319,
        "support": 471.0
      },
      "weighted avg": {
        "precision": 0.8923505105300749,
        "recall": 0.8895966029723992,
        "f1-score": 0.8888469094889907,
        "support": 471.0
      }
    },
    "selected_columns": [
      "touches_in_defending_third",
      "carry_into_attacking_third",
      "progressive_carry_attacking_third",
      "balls_received_in_edge_of_the_box",
      "up_touches_in_defending_penalty",
      "up_touches_in_defending_third",
      "up_touches_in_middle_third",
      "up_touches_in_attacking_penalty",
      "up_carry_distance",
      "up_balls_received_in_middle_third",
      "ball_reception_%",
      "touches_in_defending_penalty_%",
      "touches_in_defending_third_%",
      "touches_in_middle_third_%",
      "touches_in_attacking_third_%",
      "touches_in_attacking_penalty_%",
      "progressive_carry_defending_third_%",
      "balls_received_in_defending_penalty_area_%",
      "balls_received_in_attacking_third_%",
      "balls_received_in_penalty_area_%"
    ],
    "n_features": 20
  }
}