{
  "conf_1": {
    "scores": {
      "Defender": {
        "precision": 0.5380116959064327,
        "recall": 0.5714285714285714,
        "f1-score": 0.5542168674698795,
        "support": 161.0
      },
      "Forward": {
        "precision": 0.6956521739130435,
        "recall": 0.5517241379310345,
        "f1-score": 0.6153846153846154,
        "support": 116.0
      },
      "Goalkeeper": {
        "precision": 0.5483870967741935,
        "recall": 0.9444444444444444,
        "f1-score": 0.6938775510204082,
        "support": 36.0
      },
      "Midfielder": {
        "precision": 0.5684931506849316,
        "recall": 0.5253164556962026,
        "f1-score": 0.5460526315789473,
        "support": 158.0
      },
      "accuracy": 0.5796178343949044,
      "macro avg": {
        "precision": 0.5876360293196503,
        "recall": 0.6482284023750633,
        "f1-score": 0.6023829163634626,
        "support": 471.0
      },
      "weighted avg": {
        "precision": 0.58785432804021,
        "recall": 0.5796178343949044,
        "f1-score": 0.5772174918757418,
        "support": 471.0
      }
    },
    "selected_columns": [
      "goals_left_foot",
      "goals_in_penalty_area",
      "goals_avg_distance",
      "shots_on_target",
      "shots_from_penalty",
      "shots_on_target_right_foot",
      "shots_with_first_touch",
      "shots_in_penalty_area",
      "shots_in_middle_third",
      "shots_mid_distance",
      "shots_short_distance",
      "shots_avg_distance",
      "xG",
      "up_shots_on_target",
      "up_shots_on_target_right_foot",
      "up_shots_in_goal_area",
      "up_shots_in_penalty_area",
      "up_shots_short_distance",
      "up_shots_avg_distance"
    ],
    "n_features": 19
  },
  "conf_2": {
    "scores": {
      "Defender": {
        "precision": 0.5493827160493827,
        "recall": 0.5527950310559007,
        "f1-score": 0.5510835913312694,
        "support": 161.0
      },
      "Forward": {
        "precision": 0.5304347826086957,
        "recall": 0.5258620689655172,
        "f1-score": 0.5281385281385281,
        "support": 116.0
      },
      "Goalkeeper": {
        "precision": 0.6071428571428571,
        "recall": 0.9444444444444444,
        "f1-score": 0.7391304347826086,
        "support": 36.0
      },
      "Midfielder": {
        "precision": 0.5434782608695652,
        "recall": 0.47468354430379744,
        "f1-score": 0.5067567567567568,
        "support": 158.0
      },
      "accuracy": 0.5498938428874734,
      "macro avg": {
        "precision": 0.5576096541676252,
        "recall": 0.6244462721924149,
        "f1-score": 0.5812773277522907,
        "support": 471.0
      },
      "weighted avg": {
        "precision": 0.5471502338452091,
        "recall": 0.5498938428874734,
        "f1-score": 0.5449358613336414,
        "support": 471.0
      }
    },
    "selected_columns": [
      "shots_on_target_%",
      "shots_outside_the_box_%",
      "shots_long_distance_%",
      "shots_mid_distance_%",
      "shots_avg_distance_%",
      "goals_outside_penalty_area_%",
      "goals_long_distance_%",
      "goals_mid_distance_%",
      "goals_short_distance_%",
      "goals_avg_distance_%"
    ],
    "n_features": 10
  }
}