{
  "conf_1": {
    "scores": {
      "Defender": {
        "precision": 0.8511904761904762,
        "recall": 0.8881987577639752,
        "f1-score": 0.8693009118541033,
        "support": 161.0
      },
      "Forward": {
        "precision": 0.7666666666666667,
        "recall": 0.7931034482758621,
        "f1-score": 0.7796610169491526,
        "support": 116.0
      },
      "Goalkeeper": {
        "precision": 0.8372093023255814,
        "recall": 1.0,
        "f1-score": 0.9113924050632911,
        "support": 36.0
      },
      "Midfielder": {
        "precision": 0.8285714285714286,
        "recall": 0.7341772151898734,
        "f1-score": 0.7785234899328859,
        "support": 158.0
      },
      "accuracy": 0.821656050955414,
      "macro avg": {
        "precision": 0.8209094684385383,
        "recall": 0.8538698553074276,
        "f1-score": 0.8347194559498583,
        "support": 471.0
      },
      "weighted avg": {
        "precision": 0.8217172411847274,
        "recall": 0.821656050955414,
        "f1-score": 0.8199893052362777,
        "support": 471.0
      }
    },
    "selected_columns": [
      "ball_recovery_defending_third",
      "ball_recovery_successful_defending_third",
      "pressure_on_opponent",
      "pressure_on_opponent_defending_third",
      "pressure_on_opponent_middle_third",
      "pressure_on_opponent_attacking_third",
      "counterpressing_opponent_middle_third",
      "shield_total",
      "block_total",
      "tackling_won",
      "tackling_in_defending_third",
      "fouls_total",
      "fouls_offensive"
    ],
    "n_features": 13
  },
  "conf_2": {
    "scores": {
      "Defender": {
        "precision": 0.8095238095238095,
        "recall": 0.84472049689441,
        "f1-score": 0.8267477203647416,
        "support": 161.0
      },
      "Forward": {
        "precision": 0.7241379310344828,
        "recall": 0.7241379310344828,
        "f1-score": 0.7241379310344828,
        "support": 116.0
      },
      "Goalkeeper": {
        "precision": 0.8717948717948718,
        "recall": 0.9444444444444444,
        "f1-score": 0.9066666666666666,
        "support": 36.0
      },
      "Midfielder": {
        "precision": 0.7567567567567568,
        "recall": 0.7088607594936709,
        "f1-score": 0.7320261437908496,
        "support": 158.0
      },
      "accuracy": 0.7770700636942676,
      "macro avg": {
        "precision": 0.7905533422774802,
        "recall": 0.8055409079667522,
        "f1-score": 0.7973946154641852,
        "support": 471.0
      },
      "weighted avg": {
        "precision": 0.7755531131327311,
        "recall": 0.7770700636942676,
        "f1-score": 0.7758100078506956,
        "support": 471.0
      }
    },
    "selected_columns": [
      "ball_recovery_successful_middle_third_%",
      "ball_recovery_middle_third_%",
      "pressure_on_opponent_middle_third_%",
      "pressure_on_opponent_attacking_third_%",
      "counterpressing_opponent_middle_third_%",
      "counterpressing_opponent_attacking_third_%",
      "tackling_in_defending_third_%",
      "tackling_in_middle_third_%",
      "fouls_in_middle_third_%"
    ],
    "n_features": 9
  }
}