{
  "conf_1": {
    "scores": {
      "Defender": {
        "precision": 0.8831168831168831,
        "recall": 0.84472049689441,
        "f1-score": 0.8634920634920635,
        "support": 161.0
      },
      "Forward": {
        "precision": 0.7796610169491526,
        "recall": 0.7931034482758621,
        "f1-score": 0.7863247863247863,
        "support": 116.0
      },
      "Goalkeeper": {
        "precision": 0.8571428571428571,
        "recall": 1.0,
        "f1-score": 0.9230769230769231,
        "support": 36.0
      },
      "Midfielder": {
        "precision": 0.7770700636942676,
        "recall": 0.7721518987341772,
        "f1-score": 0.7746031746031746,
        "support": 158.0
      },
      "accuracy": 0.8195329087048833,
      "macro avg": {
        "precision": 0.8242477052257902,
        "recall": 0.8524939609761123,
        "f1-score": 0.8368742368742368,
        "support": 471.0
      },
      "weighted avg": {
        "precision": 0.8200779385748557,
        "recall": 0.8195329087048833,
        "f1-score": 0.8192228625349645,
        "support": 471.0
      }
    },
    "selected_columns": [
      "passes_from_middle_third",
      "passes_from_defending_third",
      "passes_from_the_box",
      "passes_from_defending_third_completed",
      "passes_into_middle_third",
      "passes_into_defending_third_completed",
      "passes_into_middle_third_completed",
      "passes_short_completed",
      "passes_medium_total",
      "passes_switch",
      "passes_progressive",
      "passes_vertical_completed",
      "passes_backward",
      "passes_long_vertical",
      "passes_long_vertical_from_defending_third",
      "passes_long_vertical_from_mid_third",
      "up_passes_from_middle_third",
      "up_passes_into_attacking_third",
      "up_passes_short_total",
      "up_passes_medium_total"
    ],
    "n_features": 20
  },
  "conf_2": {
    "scores": {
      "Defender": {
        "precision": 0.852760736196319,
        "recall": 0.8633540372670807,
        "f1-score": 0.8580246913580247,
        "support": 161.0
      },
      "Forward": {
        "precision": 0.8230088495575221,
        "recall": 0.8017241379310345,
        "f1-score": 0.8122270742358079,
        "support": 116.0
      },
      "Goalkeeper": {
        "precision": 0.8780487804878049,
        "recall": 1.0,
        "f1-score": 0.935064935064935,
        "support": 36.0
      },
      "Midfielder": {
        "precision": 0.8051948051948052,
        "recall": 0.7848101265822784,
        "f1-score": 0.7948717948717948,
        "support": 158.0
      },
      "accuracy": 0.832271762208068,
      "macro avg": {
        "precision": 0.8397532928591128,
        "recall": 0.8624720754450983,
        "f1-score": 0.8500471238826406,
        "support": 471.0
      },
      "weighted avg": {
        "precision": 0.8314098522178772,
        "recall": 0.832271762208068,
        "f1-score": 0.8314488262676794,
        "support": 471.0
      }
    },
    "selected_columns": [
      "pass_accuracy_%",
      "pass_mean_distance_%",
      "up_pass_accuracy_%",
      "pass_from_middle_third_%",
      "pass_from_defending_third_%",
      "pass_from_box_%",
      "pass_into_defending_third_%",
      "pass_into_middle_third_%",
      "pass_accuracy_into_middle_third_%",
      "pass_accuracy_into_attacking_third_%",
      "pass_horizontal_accuracy_%",
      "pass_accuracy_backward_%",
      "pass_accuaracy_medium_%",
      "pass_vertical_%",
      "pass_progressive_%",
      "pass_cross_%",
      "pass_vertical_into_the_box_%",
      "pass_long_vertical_from_mid_third_%",
      "pass_high_horizontal_into_edge_of_the_box_%",
      "pass_high_horizontal_into_the_box_%"
    ],
    "n_features": 20
  }
}