{
  "conf_1": {
    "scores": {
      "Defender": {
        "precision": 0.8650306748466258,
        "recall": 0.8757763975155279,
        "f1-score": 0.8703703703703703,
        "support": 161.0
      },
      "Forward": {
        "precision": 0.8041237113402062,
        "recall": 0.6724137931034483,
        "f1-score": 0.7323943661971831,
        "support": 116.0
      },
      "Goalkeeper": {
        "precision": 0.9,
        "recall": 1.0,
        "f1-score": 0.9473684210526315,
        "support": 36.0
      },
      "Midfielder": {
        "precision": 0.7426900584795322,
        "recall": 0.8037974683544303,
        "f1-score": 0.7720364741641338,
        "support": 158.0
      },
      "accuracy": 0.8110403397027601,
      "macro avg": {
        "precision": 0.827961111166591,
        "recall": 0.8379969147433516,
        "f1-score": 0.8305424079460797,
        "support": 471.0
      },
      "weighted avg": {
        "precision": 0.8116630964024135,
        "recall": 0.8110403397027601,
        "f1-score": 0.8092874780983667,
        "support": 471.0
      }
    },
    "selected_columns": [
      "ball_recovery_successful",
      "pressure_on_opponent",
      "pressure_on_opponent_defending_third",
      "pressure_on_opponent_middle_third",
      "pressure_on_opponent_attacking_third",
      "counterpressing_opponent_middle_third",
      "counterpressing_attacking_third",
      "shield_total",
      "block_total",
      "block_during_counterpress",
      "clearance_total",
      "tackling_won",
      "tackling_in_defending_third",
      "fouls_total"
    ],
    "n_features": 14
  },
  "conf_2": {
    "scores": {
      "Defender": {
        "precision": 0.8095238095238095,
        "recall": 0.84472049689441,
        "f1-score": 0.8267477203647416,
        "support": 161.0
      },
      "Forward": {
        "precision": 0.7843137254901961,
        "recall": 0.6896551724137931,
        "f1-score": 0.7339449541284404,
        "support": 116.0
      },
      "Goalkeeper": {
        "precision": 0.8974358974358975,
        "recall": 0.9722222222222222,
        "f1-score": 0.9333333333333333,
        "support": 36.0
      },
      "Midfielder": {
        "precision": 0.7345679012345679,
        "recall": 0.7531645569620253,
        "f1-score": 0.74375,
        "support": 158.0
      },
      "accuracy": 0.7855626326963907,
      "macro avg": {
        "precision": 0.8064603334211178,
        "recall": 0.8149406121231126,
        "f1-score": 0.8094440019566288,
        "support": 471.0
      },
      "weighted avg": {
        "precision": 0.7848899069914015,
        "recall": 0.7855626326963907,
        "f1-score": 0.7841963856849735,
        "support": 471.0
      }
    },
    "selected_columns": [
      "pressure_on_opponent_middle_third_%",
      "pressure_on_opponent_attacking_third_%",
      "tackling_in_defending_third_%",
      "tackling_in_middle_third_%"
    ],
    "n_features": 4
  }
}