{
  "conf_1": {
    "scores": {
      "Defender": {
        "precision": 0.8588957055214724,
        "recall": 0.8695652173913043,
        "f1-score": 0.8641975308641975,
        "support": 161.0
      },
      "Forward": {
        "precision": 0.7755102040816326,
        "recall": 0.6551724137931034,
        "f1-score": 0.7102803738317757,
        "support": 116.0
      },
      "Goalkeeper": {
        "precision": 0.9444444444444444,
        "recall": 0.9444444444444444,
        "f1-score": 0.9444444444444444,
        "support": 36.0
      },
      "Midfielder": {
        "precision": 0.7183908045977011,
        "recall": 0.7911392405063291,
        "f1-score": 0.7530120481927711,
        "support": 158.0
      },
      "accuracy": 0.7961783439490446,
      "macro avg": {
        "precision": 0.8243102896613127,
        "recall": 0.8150803290337953,
        "f1-score": 0.8179835993332972,
        "support": 471.0
      },
      "weighted avg": {
        "precision": 0.7977646271525757,
        "recall": 0.7961783439490446,
        "f1-score": 0.7951257525436934,
        "support": 471.0
      }
    },
    "selected_columns": [
      "passes_from_attacking_third",
      "passes_from_middle_third",
      "passes_from_defending_third",
      "passes_from_the_box",
      "passes_into_attacking_third",
      "passes_within_attacking_third_completed",
      "passes_short_completed",
      "passes_medium_total",
      "passes_long_completed",
      "passes_switch",
      "passes_backward",
      "passes_long_vertical",
      "passes_long_vertical_from_defending_third",
      "passes_long_vertical_from_mid_third",
      "up_passes_from_middle_third",
      "up_passes_from_defending_third",
      "up_passes_into_attacking_third",
      "up_passes_short_total",
      "up_passes_progressive_completed",
      "up_passes_backward"
    ],
    "n_features": 20
  },
  "conf_2": {
    "scores": {
      "Defender": {
        "precision": 0.7204301075268817,
        "recall": 0.8322981366459627,
        "f1-score": 0.7723342939481268,
        "support": 161.0
      },
      "Forward": {
        "precision": 0.7692307692307693,
        "recall": 0.6896551724137931,
        "f1-score": 0.7272727272727273,
        "support": 116.0
      },
      "Goalkeeper": {
        "precision": 0.8780487804878049,
        "recall": 1.0,
        "f1-score": 0.935064935064935,
        "support": 36.0
      },
      "Midfielder": {
        "precision": 0.6785714285714286,
        "recall": 0.6012658227848101,
        "f1-score": 0.6375838926174496,
        "support": 158.0
      },
      "accuracy": 0.732484076433121,
      "macro avg": {
        "precision": 0.7615702714542212,
        "recall": 0.7808047829611415,
        "f1-score": 0.7680639622258096,
        "support": 471.0
      },
      "weighted avg": {
        "precision": 0.7304544763363989,
        "recall": 0.732484076433121,
        "f1-score": 0.7284714445545212,
        "support": 471.0
      }
    },
    "selected_columns": [
      "pass_accuracy_%",
      "up_pass_accuracy_%",
      "pass_accuracy_backward_%",
      "pass_horizontal_backward_%",
      "up_pass_accuracy_backward_%",
      "pass_accuaracy_medium_%",
      "pass_progressive_lead_to_shot_%",
      "pass_mean_distance_%"
    ],
    "n_features": 8
  }
}