{
  "conf_1": {
    "scores": {
      "Defender": {
        "precision": 0.6028708133971292,
        "recall": 0.7544910179640718,
        "f1-score": 0.6702127659574468,
        "support": 167.0
      },
      "Forward": {
        "precision": 0.7654320987654321,
        "recall": 0.5904761904761905,
        "f1-score": 0.6666666666666666,
        "support": 105.0
      },
      "Goalkeeper": {
        "precision": 0.671875,
        "recall": 0.9772727272727273,
        "f1-score": 0.7962962962962963,
        "support": 44.0
      },
      "Midfielder": {
        "precision": 0.6153846153846154,
        "recall": 0.4645161290322581,
        "f1-score": 0.5294117647058824,
        "support": 155.0
      },
      "accuracy": 0.643312101910828,
      "macro avg": {
        "precision": 0.6638906318867942,
        "recall": 0.6966890161863118,
        "f1-score": 0.665646873406573,
        "support": 471.0
      },
      "weighted avg": {
        "precision": 0.6496749715335591,
        "recall": 0.643312101910828,
        "f1-score": 0.6348649521896867,
        "support": 471.0
      }
    },
    "selected_columns": [
      "goals_left_foot",
      "goals_in_penalty_area",
      "goals_avg_distance",
      "shots_on_target",
      "shots_from_freekick",
      "shots_from_penalty",
      "shots_on_target_right_foot",
      "shots_with_first_touch",
      "shots_in_penalty_area",
      "shots_mid_distance",
      "shots_short_distance",
      "shots_avg_distance",
      "xG",
      "big_chances_led_to_goal",
      "up_shots_on_target_left_foot",
      "up_shots_on_target_right_foot",
      "up_shots_in_penalty_area",
      "up_shots_short_distance"
    ],
    "n_features": 18
  },
  "conf_2": {
    "scores": {
      "Defender": {
        "precision": 0.5278969957081545,
        "recall": 0.7365269461077845,
        "f1-score": 0.615,
        "support": 167.0
      },
      "Forward": {
        "precision": 0.4880952380952381,
        "recall": 0.3904761904761905,
        "f1-score": 0.43386243386243384,
        "support": 105.0
      },
      "Goalkeeper": {
        "precision": 0.6825396825396826,
        "recall": 0.9772727272727273,
        "f1-score": 0.8037383177570093,
        "support": 44.0
      },
      "Midfielder": {
        "precision": 0.5164835164835165,
        "recall": 0.3032258064516129,
        "f1-score": 0.3821138211382114,
        "support": 155.0
      },
      "accuracy": 0.5392781316348195,
      "macro avg": {
        "precision": 0.5537538582066479,
        "recall": 0.6018754175770787,
        "f1-score": 0.5586786431894136,
        "support": 471.0
      },
      "weighted avg": {
        "precision": 0.5297144147982015,
        "recall": 0.5392781316348195,
        "f1-score": 0.5156107936587828,
        "support": 471.0
      }
    },
    "selected_columns": [
      "shots_on_target_%",
      "shot_conversion_on_target_%",
      "shots_outside_the_box_%",
      "goals_right_foot_%",
      "goals_left_foot_%",
      "goals_outside_penalty_area_%"
    ],
    "n_features": 6
  }
}