{
  "conf_1": {
    "scores": {
      "Defender": {
        "precision": 0.884393063583815,
        "recall": 0.9161676646706587,
        "f1-score": 0.9,
        "support": 167.0
      },
      "Forward": {
        "precision": 0.8252427184466019,
        "recall": 0.8095238095238095,
        "f1-score": 0.8173076923076923,
        "support": 105.0
      },
      "Goalkeeper": {
        "precision": 0.9565217391304348,
        "recall": 1.0,
        "f1-score": 0.9777777777777777,
        "support": 44.0
      },
      "Midfielder": {
        "precision": 0.8322147651006712,
        "recall": 0.8,
        "f1-score": 0.8157894736842105,
        "support": 155.0
      },
      "accuracy": 0.861995753715499,
      "macro avg": {
        "precision": 0.8745930715653807,
        "recall": 0.881422868548617,
        "f1-score": 0.8777187359424202,
        "support": 471.0
      },
      "weighted avg": {
        "precision": 0.8607736139442325,
        "recall": 0.861995753715499,
        "f1-score": 0.8611186801180096,
        "support": 471.0
      }
    },
    "selected_columns": [
      "touches_total",
      "touches_in_defending_penalty",
      "touches_in_defending_third",
      "touches_in_middle_third",
      "touches_in_attacking_third",
      "touches_in_attacking_penalty",
      "carry_into_attacking_third",
      "carry_into_penalty_area",
      "carry_distance",
      "balls_received",
      "balls_received_successful",
      "up_touches_total",
      "up_touches_in_defending_penalty",
      "up_touches_in_defending_third",
      "up_touches_in_middle_third",
      "up_touches_in_attacking_penalty",
      "up_balls_received"
    ],
    "n_features": 17
  },
  "conf_2": {
    "scores": {
      "Defender": {
        "precision": 0.8834355828220859,
        "recall": 0.8622754491017964,
        "f1-score": 0.8727272727272727,
        "support": 167.0
      },
      "Forward": {
        "precision": 0.736,
        "recall": 0.8761904761904762,
        "f1-score": 0.8,
        "support": 105.0
      },
      "Goalkeeper": {
        "precision": 0.9565217391304348,
        "recall": 1.0,
        "f1-score": 0.9777777777777777,
        "support": 44.0
      },
      "Midfielder": {
        "precision": 0.8029197080291971,
        "recall": 0.7096774193548387,
        "f1-score": 0.7534246575342466,
        "support": 155.0
      },
      "accuracy": 0.8280254777070064,
      "macro avg": {
        "precision": 0.8447192574954294,
        "recall": 0.8620358361617779,
        "f1-score": 0.8509824270098243,
        "support": 471.0
      },
      "weighted avg": {
        "precision": 0.8308986275956541,
        "recall": 0.8280254777070064,
        "f1-score": 0.8270668761899894,
        "support": 471.0
      }
    },
    "selected_columns": [
      "touches_in_defending_penalty_%",
      "touches_in_defending_third_%",
      "touches_in_middle_third_%"
    ],
    "n_features": 3
  }
}