{
  "conf_1": {
    "scores": {
      "Defender": {
        "precision": 0.8994082840236687,
        "recall": 0.9101796407185628,
        "f1-score": 0.9047619047619048,
        "support": 167.0
      },
      "Forward": {
        "precision": 0.7203389830508474,
        "recall": 0.8095238095238095,
        "f1-score": 0.7623318385650224,
        "support": 105.0
      },
      "Goalkeeper": {
        "precision": 0.9545454545454546,
        "recall": 0.9545454545454546,
        "f1-score": 0.9545454545454546,
        "support": 44.0
      },
      "Midfielder": {
        "precision": 0.8142857142857143,
        "recall": 0.7354838709677419,
        "f1-score": 0.7728813559322034,
        "support": 155.0
      },
      "accuracy": 0.8343949044585988,
      "macro avg": {
        "precision": 0.8471446089764212,
        "recall": 0.8524331939388922,
        "f1-score": 0.8486301384511463,
        "support": 471.0
      },
      "weighted avg": {
        "precision": 0.836626459377022,
        "recall": 0.8343949044585988,
        "f1-score": 0.8342604911126476,
        "support": 471.0
      }
    },
    "selected_columns": [
      "passes_from_attacking_third",
      "passes_from_middle_third",
      "passes_from_defending_third",
      "passes_from_the_box",
      "passes_into_attacking_third",
      "passes_within_attacking_third_completed",
      "passes_short_completed",
      "passes_medium_total",
      "passes_long_completed",
      "passes_switch",
      "passes_backward",
      "passes_long_vertical",
      "passes_long_vertical_from_defending_third",
      "passes_long_vertical_from_mid_third",
      "up_passes_from_middle_third",
      "up_passes_from_defending_third",
      "up_passes_into_attacking_third",
      "up_passes_short_total",
      "up_passes_progressive_completed",
      "up_passes_backward"
    ],
    "n_features": 20
  },
  "conf_2": {
    "scores": {
      "Defender": {
        "precision": 0.7512953367875648,
        "recall": 0.8682634730538922,
        "f1-score": 0.8055555555555556,
        "support": 167.0
      },
      "Forward": {
        "precision": 0.7222222222222222,
        "recall": 0.7428571428571429,
        "f1-score": 0.7323943661971831,
        "support": 105.0
      },
      "Goalkeeper": {
        "precision": 0.9347826086956522,
        "recall": 0.9772727272727273,
        "f1-score": 0.9555555555555556,
        "support": 44.0
      },
      "Midfielder": {
        "precision": 0.7096774193548387,
        "recall": 0.567741935483871,
        "f1-score": 0.6308243727598566,
        "support": 155.0
      },
      "accuracy": 0.7515923566878981,
      "macro avg": {
        "precision": 0.7794943967650696,
        "recall": 0.7890338196669083,
        "f1-score": 0.7810824625170378,
        "support": 471.0
      },
      "weighted avg": {
        "precision": 0.7482592130774212,
        "recall": 0.7515923566878981,
        "f1-score": 0.7457567058401363,
        "support": 471.0
      }
    },
    "selected_columns": [
      "pass_accuracy_%",
      "up_pass_accuracy_%",
      "pass_accuracy_backward_%",
      "pass_horizontal_backward_%",
      "up_pass_accuracy_backward_%",
      "pass_accuaracy_medium_%",
      "pass_progressive_lead_to_shot_%",
      "pass_mean_distance_%"
    ],
    "n_features": 8
  }
}