{
  "conf_1": {
    "scores": {
      "Defender": {
        "precision": 0.39294117647058824,
        "recall": 1.0,
        "f1-score": 0.5641891891891891,
        "support": 167.0
      },
      "Forward": {
        "precision": 0.0,
        "recall": 0.0,
        "f1-score": 0.0,
        "support": 105.0
      },
      "Goalkeeper": {
        "precision": 0.9565217391304348,
        "recall": 1.0,
        "f1-score": 0.9777777777777777,
        "support": 44.0
      },
      "Midfielder": {
        "precision": 0.0,
        "recall": 0.0,
        "f1-score": 0.0,
        "support": 155.0
      },
      "accuracy": 0.44798301486199577,
      "macro avg": {
        "precision": 0.33736572890025573,
        "recall": 0.5,
        "f1-score": 0.3854917417417417,
        "support": 471.0
      },
      "weighted avg": {
        "precision": 0.22867968788179907,
        "recall": 0.44798301486199577,
        "f1-score": 0.29138389982339025,
        "support": 471.0
      }
    },
    "selected_columns": [
      "shots_faced",
      "saved_shots_chest",
      "saved_shots_right_foot",
      "punch_creates_danger",
      "sweeper_in_middle_third",
      "collecting_ball_total",
      "collecting_ball_failed",
      "collecting_ball_in_second_attempt",
      "avg_distance_to_goal",
      "avg_distance_to_goal_saved_shots",
      "avg_distance_to_goal_goals_conceded"
    ],
    "n_features": 11
  },
  "conf_2": {
    "scores": {
      "Defender": {
        "precision": 0.39294117647058824,
        "recall": 1.0,
        "f1-score": 0.5641891891891891,
        "support": 167.0
      },
      "Forward": {
        "precision": 0.0,
        "recall": 0.0,
        "f1-score": 0.0,
        "support": 105.0
      },
      "Goalkeeper": {
        "precision": 0.9565217391304348,
        "recall": 1.0,
        "f1-score": 0.9777777777777777,
        "support": 44.0
      },
      "Midfielder": {
        "precision": 0.0,
        "recall": 0.0,
        "f1-score": 0.0,
        "support": 155.0
      },
      "accuracy": 0.44798301486199577,
      "macro avg": {
        "precision": 0.33736572890025573,
        "recall": 0.5,
        "f1-score": 0.3854917417417417,
        "support": 471.0
      },
      "weighted avg": {
        "precision": 0.22867968788179907,
        "recall": 0.44798301486199577,
        "f1-score": 0.29138389982339025,
        "support": 471.0
      }
    },
    "selected_columns": [
      "dangerous_shots_%",
      "goals_conceded_%",
      "saved_shots_%",
      "standing_saved_%",
      "punch_%",
      "collecting_ball_%"
    ],
    "n_features": 6
  }
}