{
  "conf_1": {
    "scores": {
      "Defender": {
        "precision": 0.8735632183908046,
        "recall": 0.9101796407185628,
        "f1-score": 0.8914956011730205,
        "support": 167.0
      },
      "Forward": {
        "precision": 0.7938144329896907,
        "recall": 0.7333333333333333,
        "f1-score": 0.7623762376237624,
        "support": 105.0
      },
      "Goalkeeper": {
        "precision": 0.9565217391304348,
        "recall": 1.0,
        "f1-score": 0.9777777777777777,
        "support": 44.0
      },
      "Midfielder": {
        "precision": 0.7857142857142857,
        "recall": 0.7806451612903226,
        "f1-score": 0.7831715210355987,
        "support": 155.0
      },
      "accuracy": 0.8365180467091295,
      "macro avg": {
        "precision": 0.8524034190563039,
        "recall": 0.8560395338355548,
        "f1-score": 0.8537052844025399,
        "support": 471.0
      },
      "weighted avg": {
        "precision": 0.8346247213219433,
        "recall": 0.8365180467091295,
        "f1-score": 0.835123308554415,
        "support": 471.0
      }
    },
    "selected_columns": [
      "ball_recovery_successful",
      "pressure_on_opponent",
      "pressure_on_opponent_defending_third",
      "pressure_on_opponent_middle_third",
      "pressure_on_opponent_attacking_third",
      "counterpressing_opponent_middle_third",
      "counterpressing_attacking_third",
      "shield_total",
      "block_total",
      "clearance_total",
      "tackling_won",
      "tackling_in_defending_third",
      "fouls_total"
    ],
    "n_features": 13
  },
  "conf_2": {
    "scores": {
      "Defender": {
        "precision": 0.8588235294117647,
        "recall": 0.874251497005988,
        "f1-score": 0.8664688427299704,
        "support": 167.0
      },
      "Forward": {
        "precision": 0.76,
        "recall": 0.7238095238095238,
        "f1-score": 0.7414634146341463,
        "support": 105.0
      },
      "Goalkeeper": {
        "precision": 0.9534883720930233,
        "recall": 0.9318181818181818,
        "f1-score": 0.9425287356321839,
        "support": 44.0
      },
      "Midfielder": {
        "precision": 0.7531645569620253,
        "recall": 0.7677419354838709,
        "f1-score": 0.7603833865814696,
        "support": 155.0
      },
      "accuracy": 0.8110403397027601,
      "macro avg": {
        "precision": 0.8313691146167033,
        "recall": 0.8244052845293911,
        "f1-score": 0.8277110948944425,
        "support": 471.0
      },
      "weighted avg": {
        "precision": 0.8108652316623602,
        "recall": 0.8110403397027601,
        "f1-score": 0.8107954236951898,
        "support": 471.0
      }
    },
    "selected_columns": [
      "pressure_on_opponent_middle_third_%",
      "pressure_on_opponent_attacking_third_%",
      "tackling_in_defending_third_%",
      "tackling_in_middle_third_%"
    ],
    "n_features": 4
  }
}