{
  "Defender": {
    "precision": 0.9322033898305084,
    "recall": 0.9705882352941176,
    "f1-score": 0.9510086455331412,
    "support": 170.0
  },
  "Forward": {
    "precision": 0.8214285714285714,
    "recall": 0.8440366972477065,
    "f1-score": 0.832579185520362,
    "support": 109.0
  },
  "Goalkeeper": {
    "precision": 1.0,
    "recall": 1.0,
    "f1-score": 1.0,
    "support": 46.0
  },
  "Midfielder": {
    "precision": 0.8529411764705882,
    "recall": 0.7945205479452054,
    "f1-score": 0.8226950354609929,
    "support": 146.0
  },
  "accuracy": 0.8895966029723992,
  "macro avg": {
    "precision": 0.901643284432417,
    "recall": 0.9022863701217574,
    "f1-score": 0.901570716628624,
    "support": 471.0
  },
  "weighted avg": {
    "precision": 0.8886193255235808,
    "recall": 0.8895966029723992,
    "f1-score": 0.8886116266234787,
    "support": 471.0
  }
}