{
  "Defender": {
    "precision": 0.9269662921348315,
    "recall": 0.9705882352941176,
    "f1-score": 0.9482758620689655,
    "support": 170.0
  },
  "Forward": {
    "precision": 0.8173913043478261,
    "recall": 0.8623853211009175,
    "f1-score": 0.8392857142857143,
    "support": 109.0
  },
  "Goalkeeper": {
    "precision": 1.0,
    "recall": 1.0,
    "f1-score": 1.0,
    "support": 46.0
  },
  "Midfielder": {
    "precision": 0.8712121212121212,
    "recall": 0.7876712328767124,
    "f1-score": 0.8273381294964028,
    "support": 146.0
  },
  "accuracy": 0.89171974522293,
  "macro avg": {
    "precision": 0.9038924294236947,
    "recall": 0.9051611973179368,
    "f1-score": 0.9037249264627707,
    "support": 471.0
  },
  "weighted avg": {
    "precision": 0.8914583684369514,
    "recall": 0.89171974522293,
    "f1-score": 0.8906165739179231,
    "support": 471.0
  }
}