{
  "Defender": {
    "precision": 0.9166666666666666,
    "recall": 0.9705882352941176,
    "f1-score": 0.9428571428571428,
    "support": 170.0
  },
  "Forward": {
    "precision": 0.8272727272727273,
    "recall": 0.8348623853211009,
    "f1-score": 0.8310502283105022,
    "support": 109.0
  },
  "Goalkeeper": {
    "precision": 1.0,
    "recall": 1.0,
    "f1-score": 1.0,
    "support": 46.0
  },
  "Midfielder": {
    "precision": 0.8444444444444444,
    "recall": 0.7808219178082192,
    "f1-score": 0.8113879003558719,
    "support": 146.0
  },
  "accuracy": 0.8832271762208068,
  "macro avg": {
    "precision": 0.8970959595959597,
    "recall": 0.8965681346058594,
    "f1-score": 0.8963238178808792,
    "support": 471.0
  },
  "weighted avg": {
    "precision": 0.881730253704776,
    "recall": 0.8832271762208068,
    "f1-score": 0.8818106637441959,
    "support": 471.0
  }
}