{
  "Defender": {
    "precision": 0.9195402298850575,
    "recall": 0.9411764705882353,
    "f1-score": 0.9302325581395349,
    "support": 170.0
  },
  "Forward": {
    "precision": 0.782608695652174,
    "recall": 0.8256880733944955,
    "f1-score": 0.8035714285714286,
    "support": 109.0
  },
  "Goalkeeper": {
    "precision": 1.0,
    "recall": 1.0,
    "f1-score": 1.0,
    "support": 46.0
  },
  "Midfielder": {
    "precision": 0.8382352941176471,
    "recall": 0.7808219178082192,
    "f1-score": 0.8085106382978723,
    "support": 146.0
  },
  "accuracy": 0.8704883227176221,
  "macro avg": {
    "precision": 0.8850960549137197,
    "recall": 0.8869216154477375,
    "f1-score": 0.885578656252209,
    "support": 471.0
  },
  "weighted avg": {
    "precision": 0.8705064540291363,
    "recall": 0.8704883227176221,
    "f1-score": 0.8700029167505223,
    "support": 471.0
  }
}