{
  "Defender": {
    "precision": 0.9588235294117647,
    "recall": 0.9588235294117647,
    "f1-score": 0.9588235294117647,
    "support": 170.0
  },
  "Forward": {
    "precision": 0.7894736842105263,
    "recall": 0.8256880733944955,
    "f1-score": 0.8071748878923767,
    "support": 109.0
  },
  "Goalkeeper": {
    "precision": 1.0,
    "recall": 1.0,
    "f1-score": 1.0,
    "support": 46.0
  },
  "Midfielder": {
    "precision": 0.8439716312056738,
    "recall": 0.815068493150685,
    "f1-score": 0.8292682926829268,
    "support": 146.0
  },
  "accuracy": 0.8874734607218684,
  "macro avg": {
    "precision": 0.8980672112069912,
    "recall": 0.8998950239892363,
    "f1-score": 0.898816677496767,
    "support": 471.0
  },
  "weighted avg": {
    "precision": 0.8880519951910313,
    "recall": 0.8874734607218684,
    "f1-score": 0.8875907293247907,
    "support": 471.0
  }
}