{
  "Defender": {
    "precision": 0.9337016574585635,
    "recall": 0.9941176470588236,
    "f1-score": 0.9629629629629629,
    "support": 170.0
  },
  "Forward": {
    "precision": 0.8141592920353983,
    "recall": 0.8440366972477065,
    "f1-score": 0.8288288288288288,
    "support": 109.0
  },
  "Goalkeeper": {
    "precision": 1.0,
    "recall": 1.0,
    "f1-score": 1.0,
    "support": 46.0
  },
  "Midfielder": {
    "precision": 0.8854961832061069,
    "recall": 0.7945205479452054,
    "f1-score": 0.8375451263537906,
    "support": 146.0
  },
  "accuracy": 0.8980891719745223,
  "macro avg": {
    "precision": 0.9083392831750172,
    "recall": 0.908168723062934,
    "f1-score": 0.9073342295363955,
    "support": 471.0
  },
  "weighted avg": {
    "precision": 0.8975691875751716,
    "recall": 0.8980891719745223,
    "f1-score": 0.8966616443602963,
    "support": 471.0
  }
}